row_id,source,target,horizon_days,risk_raw_lower_50,risk_raw_upper_50,risk_adj_lower_50,risk_adj_upper_50,risk_adj_lower_95,risk_adj_upper_95,drivers,evidence_ref,evidence_status,derivation_type,source_ids,correction_note
corridor:01:rwampara:beni-cod,rwampara,beni-cod,30,0.05080795030065413,0.15069296061604437,0.08351218151069276,0.23903102352485048,0.027564226850874795,0.4150954921337579,zone-attributed confirmed count 19 for this source zone,BDBV-CLAIM-005,derived_model_output_with_unsupported_exponent_attribution,pinned_snapshot_model_output,who-don602-2026-05-15-live; who-pheic-2026-05-17-live; afro-sitrep-01-2026-05-18-live; afro-sitrep-01-pdf-2026-05-18-live; africa-cdc-phecs-2026-05-18-live; ecdc-bdbv-drc-uga-2026-05-19-live; ecdc-bdbv-drc-uga-2026-05-21-live; wikipedia-2026-ituri-epidemic-2026-05-20-live; who-dg-remarks-bdbv-2026-05-20; cdc-current-situation-2026-05-21; who-dg-remarks-bdbv-2026-05-22; who-ihr-ec-bdbv-temporary-recommendations-2026-05-22,"Descriptive watch-point interval, not a forecast or response recommendation."
corridor:02:rwampara:bundibugyo-uga,rwampara,bundibugyo-uga,30,0.053277281613052174,0.14381820080818172,0.08749614626437774,0.22870137377276892,0.024654073091073477,0.4163376981649664,zone-attributed confirmed count 19 for this source zone,BDBV-CLAIM-005,derived_model_output_with_unsupported_exponent_attribution,pinned_snapshot_model_output,who-don602-2026-05-15-live; who-pheic-2026-05-17-live; afro-sitrep-01-2026-05-18-live; afro-sitrep-01-pdf-2026-05-18-live; africa-cdc-phecs-2026-05-18-live; ecdc-bdbv-drc-uga-2026-05-19-live; ecdc-bdbv-drc-uga-2026-05-21-live; wikipedia-2026-ituri-epidemic-2026-05-20-live; who-dg-remarks-bdbv-2026-05-20; cdc-current-situation-2026-05-21; who-dg-remarks-bdbv-2026-05-22; who-ihr-ec-bdbv-temporary-recommendations-2026-05-22,"Descriptive watch-point interval, not a forecast or response recommendation."
corridor:03:rwampara:arua-uga,rwampara,arua-uga,30,0.054140890730022206,0.14028002450103705,0.08888777454003771,0.22336270077239762,0.028240533322770475,0.4111977477811707,zone-attributed confirmed count 19 for this source zone,BDBV-CLAIM-005,derived_model_output_with_unsupported_exponent_attribution,pinned_snapshot_model_output,who-don602-2026-05-15-live; who-pheic-2026-05-17-live; afro-sitrep-01-2026-05-18-live; afro-sitrep-01-pdf-2026-05-18-live; africa-cdc-phecs-2026-05-18-live; ecdc-bdbv-drc-uga-2026-05-19-live; ecdc-bdbv-drc-uga-2026-05-21-live; wikipedia-2026-ituri-epidemic-2026-05-20-live; who-dg-remarks-bdbv-2026-05-20; cdc-current-situation-2026-05-21; who-dg-remarks-bdbv-2026-05-22; who-ihr-ec-bdbv-temporary-recommendations-2026-05-22,"Descriptive watch-point interval, not a forecast or response recommendation."
corridor:04:rwampara:kampala-uga,rwampara,kampala-uga,30,0.052797322303939936,0.13802112207400852,0.08672233021283166,0.21994728929878796,0.02255812269687819,0.40880413791572445,zone-attributed confirmed count 19 for this source zone,BDBV-CLAIM-005,derived_model_output_with_unsupported_exponent_attribution,pinned_snapshot_model_output,who-don602-2026-05-15-live; who-pheic-2026-05-17-live; afro-sitrep-01-2026-05-18-live; afro-sitrep-01-pdf-2026-05-18-live; africa-cdc-phecs-2026-05-18-live; ecdc-bdbv-drc-uga-2026-05-19-live; ecdc-bdbv-drc-uga-2026-05-21-live; wikipedia-2026-ituri-epidemic-2026-05-20-live; who-dg-remarks-bdbv-2026-05-20; cdc-current-situation-2026-05-21; who-dg-remarks-bdbv-2026-05-22; who-ihr-ec-bdbv-temporary-recommendations-2026-05-22,"Descriptive watch-point interval, not a forecast or response recommendation."
corridor:05:rwampara:kasese-uga,rwampara,kasese-uga,30,0.05126421161489239,0.1370142671111061,0.08424875828499487,0.21842323448652867,0.027900406036434063,0.4099860822692323,zone-attributed confirmed count 19 for this source zone,BDBV-CLAIM-005,derived_model_output_with_unsupported_exponent_attribution,pinned_snapshot_model_output,who-don602-2026-05-15-live; who-pheic-2026-05-17-live; afro-sitrep-01-2026-05-18-live; afro-sitrep-01-pdf-2026-05-18-live; africa-cdc-phecs-2026-05-18-live; ecdc-bdbv-drc-uga-2026-05-19-live; ecdc-bdbv-drc-uga-2026-05-21-live; wikipedia-2026-ituri-epidemic-2026-05-20-live; who-dg-remarks-bdbv-2026-05-20; cdc-current-situation-2026-05-21; who-dg-remarks-bdbv-2026-05-22; who-ihr-ec-bdbv-temporary-recommendations-2026-05-22,"Descriptive watch-point interval, not a forecast or response recommendation."
corridor:06:rwampara:nebbi-uga,rwampara,nebbi-uga,30,0.05233442947959108,0.13691872990837323,0.08597579435876346,0.21827831400344183,0.022148778008010826,0.42224665014778245,zone-attributed confirmed count 19 for this source zone,BDBV-CLAIM-005,derived_model_output_with_unsupported_exponent_attribution,pinned_snapshot_model_output,who-don602-2026-05-15-live; who-pheic-2026-05-17-live; afro-sitrep-01-2026-05-18-live; afro-sitrep-01-pdf-2026-05-18-live; africa-cdc-phecs-2026-05-18-live; ecdc-bdbv-drc-uga-2026-05-19-live; ecdc-bdbv-drc-uga-2026-05-21-live; wikipedia-2026-ituri-epidemic-2026-05-20-live; who-dg-remarks-bdbv-2026-05-20; cdc-current-situation-2026-05-21; who-dg-remarks-bdbv-2026-05-22; who-ihr-ec-bdbv-temporary-recommendations-2026-05-22,"Descriptive watch-point interval, not a forecast or response recommendation."
corridor:07:bunia:beni-cod,bunia,beni-cod,30,0.01857743703814685,0.050322949528785216,0.03087468899750115,0.08272887219837494,0.010297589771909688,0.16141891169836836,zone-attributed confirmed count 6 for this source zone,BDBV-CLAIM-005,derived_model_output_with_unsupported_exponent_attribution,pinned_snapshot_model_output,who-don602-2026-05-15-live; who-pheic-2026-05-17-live; afro-sitrep-01-2026-05-18-live; afro-sitrep-01-pdf-2026-05-18-live; africa-cdc-phecs-2026-05-18-live; ecdc-bdbv-drc-uga-2026-05-19-live; ecdc-bdbv-drc-uga-2026-05-21-live; wikipedia-2026-ituri-epidemic-2026-05-20-live; who-dg-remarks-bdbv-2026-05-20; cdc-current-situation-2026-05-21; who-dg-remarks-bdbv-2026-05-22; who-ihr-ec-bdbv-temporary-recommendations-2026-05-22,"Descriptive watch-point interval, not a forecast or response recommendation."
corridor:08:bunia:nebbi-uga,bunia,nebbi-uga,30,0.01832178137583121,0.04794698706816361,0.030452450684908844,0.07888764382551242,0.007407550789178726,0.16330602898627009,zone-attributed confirmed count 6 for this source zone,BDBV-CLAIM-005,derived_model_output_with_unsupported_exponent_attribution,pinned_snapshot_model_output,who-don602-2026-05-15-live; who-pheic-2026-05-17-live; afro-sitrep-01-2026-05-18-live; afro-sitrep-01-pdf-2026-05-18-live; africa-cdc-phecs-2026-05-18-live; ecdc-bdbv-drc-uga-2026-05-19-live; ecdc-bdbv-drc-uga-2026-05-21-live; wikipedia-2026-ituri-epidemic-2026-05-20-live; who-dg-remarks-bdbv-2026-05-20; cdc-current-situation-2026-05-21; who-dg-remarks-bdbv-2026-05-22; who-ihr-ec-bdbv-temporary-recommendations-2026-05-22,"Descriptive watch-point interval, not a forecast or response recommendation."
corridor:09:bunia:kampala-uga,bunia,kampala-uga,30,0.01853670576775887,0.04775301607410326,0.0308074246022636,0.07857377051082942,0.009780700837771517,0.15004373417176042,zone-attributed confirmed count 6 for this source zone,BDBV-CLAIM-005,derived_model_output_with_unsupported_exponent_attribution,pinned_snapshot_model_output,who-don602-2026-05-15-live; who-pheic-2026-05-17-live; afro-sitrep-01-2026-05-18-live; afro-sitrep-01-pdf-2026-05-18-live; africa-cdc-phecs-2026-05-18-live; ecdc-bdbv-drc-uga-2026-05-19-live; ecdc-bdbv-drc-uga-2026-05-21-live; wikipedia-2026-ituri-epidemic-2026-05-20-live; who-dg-remarks-bdbv-2026-05-20; cdc-current-situation-2026-05-21; who-dg-remarks-bdbv-2026-05-22; who-ihr-ec-bdbv-temporary-recommendations-2026-05-22,"Descriptive watch-point interval, not a forecast or response recommendation."
corridor:10:bunia:bundibugyo-uga,bunia,bundibugyo-uga,30,0.016873581135096433,0.047464176690059645,0.028059204510827412,0.07810628237375306,0.006553182688935857,0.15643233463187037,zone-attributed confirmed count 6 for this source zone,BDBV-CLAIM-005,derived_model_output_with_unsupported_exponent_attribution,pinned_snapshot_model_output,who-don602-2026-05-15-live; who-pheic-2026-05-17-live; afro-sitrep-01-2026-05-18-live; afro-sitrep-01-pdf-2026-05-18-live; africa-cdc-phecs-2026-05-18-live; ecdc-bdbv-drc-uga-2026-05-19-live; ecdc-bdbv-drc-uga-2026-05-21-live; wikipedia-2026-ituri-epidemic-2026-05-20-live; who-dg-remarks-bdbv-2026-05-20; cdc-current-situation-2026-05-21; who-dg-remarks-bdbv-2026-05-22; who-ihr-ec-bdbv-temporary-recommendations-2026-05-22,"Descriptive watch-point interval, not a forecast or response recommendation."
corridor:11:bunia:arua-uga,bunia,arua-uga,30,0.014513341908361899,0.04681160876792731,0.02415367054164788,0.0770497929875244,0.00592145396186855,0.1606868160447846,zone-attributed confirmed count 6 for this source zone,BDBV-CLAIM-005,derived_model_output_with_unsupported_exponent_attribution,pinned_snapshot_model_output,who-don602-2026-05-15-live; who-pheic-2026-05-17-live; afro-sitrep-01-2026-05-18-live; afro-sitrep-01-pdf-2026-05-18-live; africa-cdc-phecs-2026-05-18-live; ecdc-bdbv-drc-uga-2026-05-19-live; ecdc-bdbv-drc-uga-2026-05-21-live; wikipedia-2026-ituri-epidemic-2026-05-20-live; who-dg-remarks-bdbv-2026-05-20; cdc-current-situation-2026-05-21; who-dg-remarks-bdbv-2026-05-22; who-ihr-ec-bdbv-temporary-recommendations-2026-05-22,"Descriptive watch-point interval, not a forecast or response recommendation."
corridor:12:bunia:kasese-uga,bunia,kasese-uga,30,0.016997202338434686,0.046511284118571666,0.028263588750408075,0.07656341439615647,0.006511374612525028,0.14488750797921843,zone-attributed confirmed count 6 for this source zone,BDBV-CLAIM-005,derived_model_output_with_unsupported_exponent_attribution,pinned_snapshot_model_output,who-don602-2026-05-15-live; who-pheic-2026-05-17-live; afro-sitrep-01-2026-05-18-live; afro-sitrep-01-pdf-2026-05-18-live; africa-cdc-phecs-2026-05-18-live; ecdc-bdbv-drc-uga-2026-05-19-live; ecdc-bdbv-drc-uga-2026-05-21-live; wikipedia-2026-ituri-epidemic-2026-05-20-live; who-dg-remarks-bdbv-2026-05-20; cdc-current-situation-2026-05-21; who-dg-remarks-bdbv-2026-05-22; who-ihr-ec-bdbv-temporary-recommendations-2026-05-22,"Descriptive watch-point interval, not a forecast or response recommendation."
corridor:13:nyankunde:nebbi-uga,nyankunde,nebbi-uga,30,0.011946731230406044,0.0346045548165792,0.01989950936311946,0.057197204408628105,0.004620448964455959,0.10671518521960109,zone-attributed confirmed count 4 for this source zone,BDBV-CLAIM-005,derived_model_output_with_unsupported_exponent_attribution,pinned_snapshot_model_output,who-don602-2026-05-15-live; who-pheic-2026-05-17-live; afro-sitrep-01-2026-05-18-live; afro-sitrep-01-pdf-2026-05-18-live; africa-cdc-phecs-2026-05-18-live; ecdc-bdbv-drc-uga-2026-05-19-live; ecdc-bdbv-drc-uga-2026-05-21-live; wikipedia-2026-ituri-epidemic-2026-05-20-live; who-dg-remarks-bdbv-2026-05-20; cdc-current-situation-2026-05-21; who-dg-remarks-bdbv-2026-05-22; who-ihr-ec-bdbv-temporary-recommendations-2026-05-22,"Descriptive watch-point interval, not a forecast or response recommendation."
corridor:14:nyankunde:beni-cod,nyankunde,beni-cod,30,0.012309374397832806,0.03202704168466228,0.020501042160006977,0.052983644708009314,0.006015545203359763,0.09814046434933008,zone-attributed confirmed count 4 for this source zone,BDBV-CLAIM-005,derived_model_output_with_unsupported_exponent_attribution,pinned_snapshot_model_output,who-don602-2026-05-15-live; who-pheic-2026-05-17-live; afro-sitrep-01-2026-05-18-live; afro-sitrep-01-pdf-2026-05-18-live; africa-cdc-phecs-2026-05-18-live; ecdc-bdbv-drc-uga-2026-05-19-live; ecdc-bdbv-drc-uga-2026-05-21-live; wikipedia-2026-ituri-epidemic-2026-05-20-live; who-dg-remarks-bdbv-2026-05-20; cdc-current-situation-2026-05-21; who-dg-remarks-bdbv-2026-05-22; who-ihr-ec-bdbv-temporary-recommendations-2026-05-22,"Descriptive watch-point interval, not a forecast or response recommendation."
corridor:15:nyankunde:kasese-uga,nyankunde,kasese-uga,30,0.010698499823956015,0.0318023162477063,0.017827874573373564,0.05261592297333276,0.0037206960810841436,0.10355037400694815,zone-attributed confirmed count 4 for this source zone,BDBV-CLAIM-005,derived_model_output_with_unsupported_exponent_attribution,pinned_snapshot_model_output,who-don602-2026-05-15-live; who-pheic-2026-05-17-live; afro-sitrep-01-2026-05-18-live; afro-sitrep-01-pdf-2026-05-18-live; africa-cdc-phecs-2026-05-18-live; ecdc-bdbv-drc-uga-2026-05-19-live; ecdc-bdbv-drc-uga-2026-05-21-live; wikipedia-2026-ituri-epidemic-2026-05-20-live; who-dg-remarks-bdbv-2026-05-20; cdc-current-situation-2026-05-21; who-dg-remarks-bdbv-2026-05-22; who-ihr-ec-bdbv-temporary-recommendations-2026-05-22,"Descriptive watch-point interval, not a forecast or response recommendation."
corridor:16:nyankunde:bundibugyo-uga,nyankunde,bundibugyo-uga,30,0.012438619623066166,0.03166948947997575,0.020715391896327262,0.05239854632938534,0.004340357061641559,0.10755946917331134,zone-attributed confirmed count 4 for this source zone,BDBV-CLAIM-005,derived_model_output_with_unsupported_exponent_attribution,pinned_snapshot_model_output,who-don602-2026-05-15-live; who-pheic-2026-05-17-live; afro-sitrep-01-2026-05-18-live; afro-sitrep-01-pdf-2026-05-18-live; africa-cdc-phecs-2026-05-18-live; ecdc-bdbv-drc-uga-2026-05-19-live; ecdc-bdbv-drc-uga-2026-05-21-live; wikipedia-2026-ituri-epidemic-2026-05-20-live; who-dg-remarks-bdbv-2026-05-20; cdc-current-situation-2026-05-21; who-dg-remarks-bdbv-2026-05-22; who-ihr-ec-bdbv-temporary-recommendations-2026-05-22,"Descriptive watch-point interval, not a forecast or response recommendation."
corridor:17:nyankunde:arua-uga,nyankunde,arua-uga,30,0.01046944140161099,0.03108228210186184,0.017447525450177942,0.05143731999399748,0.003856707442432381,0.11631606665067197,zone-attributed confirmed count 4 for this source zone,BDBV-CLAIM-005,derived_model_output_with_unsupported_exponent_attribution,pinned_snapshot_model_output,who-don602-2026-05-15-live; who-pheic-2026-05-17-live; afro-sitrep-01-2026-05-18-live; afro-sitrep-01-pdf-2026-05-18-live; africa-cdc-phecs-2026-05-18-live; ecdc-bdbv-drc-uga-2026-05-19-live; ecdc-bdbv-drc-uga-2026-05-21-live; wikipedia-2026-ituri-epidemic-2026-05-20-live; who-dg-remarks-bdbv-2026-05-20; cdc-current-situation-2026-05-21; who-dg-remarks-bdbv-2026-05-22; who-ihr-ec-bdbv-temporary-recommendations-2026-05-22,"Descriptive watch-point interval, not a forecast or response recommendation."
corridor:18:nyankunde:kampala-uga,nyankunde,kampala-uga,30,0.011793989321995213,0.03082088025688476,0.019646104899122052,0.05100929368254306,0.005694324689537444,0.112721621759363,zone-attributed confirmed count 4 for this source zone,BDBV-CLAIM-005,derived_model_output_with_unsupported_exponent_attribution,pinned_snapshot_model_output,who-don602-2026-05-15-live; who-pheic-2026-05-17-live; afro-sitrep-01-2026-05-18-live; afro-sitrep-01-pdf-2026-05-18-live; africa-cdc-phecs-2026-05-18-live; ecdc-bdbv-drc-uga-2026-05-19-live; ecdc-bdbv-drc-uga-2026-05-21-live; wikipedia-2026-ituri-epidemic-2026-05-20-live; who-dg-remarks-bdbv-2026-05-20; cdc-current-situation-2026-05-21; who-dg-remarks-bdbv-2026-05-22; who-ihr-ec-bdbv-temporary-recommendations-2026-05-22,"Descriptive watch-point interval, not a forecast or response recommendation."
corridor:19:butembo:kampala-uga,butembo,kampala-uga,30,0.002900001463394558,0.008707063089193029,0.004845268860524304,0.01451913302232924,0.0010093107158137134,0.026386502158206322,zone-attributed confirmed count 1 for this source zone,BDBV-CLAIM-005,derived_model_output_with_unsupported_exponent_attribution,pinned_snapshot_model_output,who-don602-2026-05-15-live; who-pheic-2026-05-17-live; afro-sitrep-01-2026-05-18-live; afro-sitrep-01-pdf-2026-05-18-live; africa-cdc-phecs-2026-05-18-live; ecdc-bdbv-drc-uga-2026-05-19-live; ecdc-bdbv-drc-uga-2026-05-21-live; wikipedia-2026-ituri-epidemic-2026-05-20-live; who-dg-remarks-bdbv-2026-05-20; cdc-current-situation-2026-05-21; who-dg-remarks-bdbv-2026-05-22; who-ihr-ec-bdbv-temporary-recommendations-2026-05-22,"Descriptive watch-point interval, not a forecast or response recommendation."
corridor:20:katwa:bundibugyo-uga,katwa,bundibugyo-uga,30,0.003039586473438688,0.008493609560520032,0.005078246371657796,0.014164219432706793,0.0012279067200594606,0.024982463524024525,zone-attributed confirmed count 1 for this source zone,BDBV-CLAIM-005,derived_model_output_with_unsupported_exponent_attribution,pinned_snapshot_model_output,who-don602-2026-05-15-live; who-pheic-2026-05-17-live; afro-sitrep-01-2026-05-18-live; afro-sitrep-01-pdf-2026-05-18-live; africa-cdc-phecs-2026-05-18-live; ecdc-bdbv-drc-uga-2026-05-19-live; ecdc-bdbv-drc-uga-2026-05-21-live; wikipedia-2026-ituri-epidemic-2026-05-20-live; who-dg-remarks-bdbv-2026-05-20; cdc-current-situation-2026-05-21; who-dg-remarks-bdbv-2026-05-22; who-ihr-ec-bdbv-temporary-recommendations-2026-05-22,"Descriptive watch-point interval, not a forecast or response recommendation."
corridor:21:goma-cod:kasese-uga,goma-cod,kasese-uga,30,0.0031315180221966332,0.008490300845106158,0.005231674719223589,0.01415871735378843,0.0014955404409901314,0.026124012329676875,zone-attributed confirmed count 1 for this source zone,BDBV-CLAIM-005,derived_model_output_with_unsupported_exponent_attribution,pinned_snapshot_model_output,who-don602-2026-05-15-live; who-pheic-2026-05-17-live; afro-sitrep-01-2026-05-18-live; afro-sitrep-01-pdf-2026-05-18-live; africa-cdc-phecs-2026-05-18-live; ecdc-bdbv-drc-uga-2026-05-19-live; ecdc-bdbv-drc-uga-2026-05-21-live; wikipedia-2026-ituri-epidemic-2026-05-20-live; who-dg-remarks-bdbv-2026-05-20; cdc-current-situation-2026-05-21; who-dg-remarks-bdbv-2026-05-22; who-ihr-ec-bdbv-temporary-recommendations-2026-05-22,"Descriptive watch-point interval, not a forecast or response recommendation."
corridor:22:katwa:beni-cod,katwa,beni-cod,30,0.0030709771700366817,0.00844647033891363,0.0051306366674097326,0.014085832627736716,0.0012451866430302828,0.027171727188791437,zone-attributed confirmed count 1 for this source zone,BDBV-CLAIM-005,derived_model_output_with_unsupported_exponent_attribution,pinned_snapshot_model_output,who-don602-2026-05-15-live; who-pheic-2026-05-17-live; afro-sitrep-01-2026-05-18-live; afro-sitrep-01-pdf-2026-05-18-live; africa-cdc-phecs-2026-05-18-live; ecdc-bdbv-drc-uga-2026-05-19-live; ecdc-bdbv-drc-uga-2026-05-21-live; wikipedia-2026-ituri-epidemic-2026-05-20-live; who-dg-remarks-bdbv-2026-05-20; cdc-current-situation-2026-05-21; who-dg-remarks-bdbv-2026-05-22; who-ihr-ec-bdbv-temporary-recommendations-2026-05-22,"Descriptive watch-point interval, not a forecast or response recommendation."
corridor:23:mongbwalu:beni-cod,mongbwalu,beni-cod,30,0.003056975921096189,0.008403369314525289,0.005107269081206761,0.014014159015733912,0.0014049379336750656,0.02436307681662509,zone-attributed confirmed count 1 for this source zone,BDBV-CLAIM-005,derived_model_output_with_unsupported_exponent_attribution,pinned_snapshot_model_output,who-don602-2026-05-15-live; who-pheic-2026-05-17-live; afro-sitrep-01-2026-05-18-live; afro-sitrep-01-pdf-2026-05-18-live; africa-cdc-phecs-2026-05-18-live; ecdc-bdbv-drc-uga-2026-05-19-live; ecdc-bdbv-drc-uga-2026-05-21-live; wikipedia-2026-ituri-epidemic-2026-05-20-live; who-dg-remarks-bdbv-2026-05-20; cdc-current-situation-2026-05-21; who-dg-remarks-bdbv-2026-05-22; who-ihr-ec-bdbv-temporary-recommendations-2026-05-22,"Descriptive watch-point interval, not a forecast or response recommendation."
corridor:24:mongbwalu:bundibugyo-uga,mongbwalu,bundibugyo-uga,30,0.0029548165239512425,0.008286561733141434,0.0049367618875157115,0.013819906220387784,0.0012272818745795002,0.027218046258955325,zone-attributed confirmed count 1 for this source zone,BDBV-CLAIM-005,derived_model_output_with_unsupported_exponent_attribution,pinned_snapshot_model_output,who-don602-2026-05-15-live; who-pheic-2026-05-17-live; afro-sitrep-01-2026-05-18-live; afro-sitrep-01-pdf-2026-05-18-live; africa-cdc-phecs-2026-05-18-live; ecdc-bdbv-drc-uga-2026-05-19-live; ecdc-bdbv-drc-uga-2026-05-21-live; wikipedia-2026-ituri-epidemic-2026-05-20-live; who-dg-remarks-bdbv-2026-05-20; cdc-current-situation-2026-05-21; who-dg-remarks-bdbv-2026-05-22; who-ihr-ec-bdbv-temporary-recommendations-2026-05-22,"Descriptive watch-point interval, not a forecast or response recommendation."
corridor:25:butembo:nebbi-uga,butembo,nebbi-uga,30,0.0028592814075497353,0.008143769256508143,0.0047773002249470176,0.013582419190527995,0.001240919828767384,0.02674452189070381,zone-attributed confirmed count 1 for this source zone,BDBV-CLAIM-005,derived_model_output_with_unsupported_exponent_attribution,pinned_snapshot_model_output,who-don602-2026-05-15-live; who-pheic-2026-05-17-live; afro-sitrep-01-2026-05-18-live; afro-sitrep-01-pdf-2026-05-18-live; africa-cdc-phecs-2026-05-18-live; ecdc-bdbv-drc-uga-2026-05-19-live; ecdc-bdbv-drc-uga-2026-05-21-live; wikipedia-2026-ituri-epidemic-2026-05-20-live; who-dg-remarks-bdbv-2026-05-20; cdc-current-situation-2026-05-21; who-dg-remarks-bdbv-2026-05-22; who-ihr-ec-bdbv-temporary-recommendations-2026-05-22,"Descriptive watch-point interval, not a forecast or response recommendation."
corridor:26:butembo:beni-cod,butembo,beni-cod,30,0.0027766666056777134,0.008129179874554665,0.004639396099248683,0.013558152781426469,0.0009520666790168303,0.026232693852809644,zone-attributed confirmed count 1 for this source zone,BDBV-CLAIM-005,derived_model_output_with_unsupported_exponent_attribution,pinned_snapshot_model_output,who-don602-2026-05-15-live; who-pheic-2026-05-17-live; afro-sitrep-01-2026-05-18-live; afro-sitrep-01-pdf-2026-05-18-live; africa-cdc-phecs-2026-05-18-live; ecdc-bdbv-drc-uga-2026-05-19-live; ecdc-bdbv-drc-uga-2026-05-21-live; wikipedia-2026-ituri-epidemic-2026-05-20-live; who-dg-remarks-bdbv-2026-05-20; cdc-current-situation-2026-05-21; who-dg-remarks-bdbv-2026-05-22; who-ihr-ec-bdbv-temporary-recommendations-2026-05-22,"Descriptive watch-point interval, not a forecast or response recommendation."
corridor:27:mongbwalu:arua-uga,mongbwalu,arua-uga,30,0.0029666640811731593,0.008096143249920168,0.004956536446336868,0.013503204337952407,0.0014916632772159018,0.029269041467811507,zone-attributed confirmed count 1 for this source zone,BDBV-CLAIM-005,derived_model_output_with_unsupported_exponent_attribution,pinned_snapshot_model_output,who-don602-2026-05-15-live; who-pheic-2026-05-17-live; afro-sitrep-01-2026-05-18-live; afro-sitrep-01-pdf-2026-05-18-live; africa-cdc-phecs-2026-05-18-live; ecdc-bdbv-drc-uga-2026-05-19-live; ecdc-bdbv-drc-uga-2026-05-21-live; wikipedia-2026-ituri-epidemic-2026-05-20-live; who-dg-remarks-bdbv-2026-05-20; cdc-current-situation-2026-05-21; who-dg-remarks-bdbv-2026-05-22; who-ihr-ec-bdbv-temporary-recommendations-2026-05-22,"Descriptive watch-point interval, not a forecast or response recommendation."
corridor:28:katwa:arua-uga,katwa,arua-uga,30,0.002883726276799947,0.008059916386088772,0.004818103165150606,0.013442947608957506,0.0012599745241981904,0.027229392845588667,zone-attributed confirmed count 1 for this source zone,BDBV-CLAIM-005,derived_model_output_with_unsupported_exponent_attribution,pinned_snapshot_model_output,who-don602-2026-05-15-live; who-pheic-2026-05-17-live; afro-sitrep-01-2026-05-18-live; afro-sitrep-01-pdf-2026-05-18-live; africa-cdc-phecs-2026-05-18-live; ecdc-bdbv-drc-uga-2026-05-19-live; ecdc-bdbv-drc-uga-2026-05-21-live; wikipedia-2026-ituri-epidemic-2026-05-20-live; who-dg-remarks-bdbv-2026-05-20; cdc-current-situation-2026-05-21; who-dg-remarks-bdbv-2026-05-22; who-ihr-ec-bdbv-temporary-recommendations-2026-05-22,"Descriptive watch-point interval, not a forecast or response recommendation."
corridor:29:katwa:kasese-uga,katwa,kasese-uga,30,0.002629477911538808,0.008050545186208569,0.004393683449283758,0.013427359759416557,0.0009660067967357495,0.02826373972577587,zone-attributed confirmed count 1 for this source zone,BDBV-CLAIM-005,derived_model_output_with_unsupported_exponent_attribution,pinned_snapshot_model_output,who-don602-2026-05-15-live; who-pheic-2026-05-17-live; afro-sitrep-01-2026-05-18-live; afro-sitrep-01-pdf-2026-05-18-live; africa-cdc-phecs-2026-05-18-live; ecdc-bdbv-drc-uga-2026-05-19-live; ecdc-bdbv-drc-uga-2026-05-21-live; wikipedia-2026-ituri-epidemic-2026-05-20-live; who-dg-remarks-bdbv-2026-05-20; cdc-current-situation-2026-05-21; who-dg-remarks-bdbv-2026-05-22; who-ihr-ec-bdbv-temporary-recommendations-2026-05-22,"Descriptive watch-point interval, not a forecast or response recommendation."
corridor:30:katwa:nebbi-uga,katwa,nebbi-uga,30,0.002836940852723041,0.008046794695885318,0.004740009189424771,0.013421121708595746,0.0014713418063765223,0.027811750642338713,zone-attributed confirmed count 1 for this source zone,BDBV-CLAIM-005,derived_model_output_with_unsupported_exponent_attribution,pinned_snapshot_model_output,who-don602-2026-05-15-live; who-pheic-2026-05-17-live; afro-sitrep-01-2026-05-18-live; afro-sitrep-01-pdf-2026-05-18-live; africa-cdc-phecs-2026-05-18-live; ecdc-bdbv-drc-uga-2026-05-19-live; ecdc-bdbv-drc-uga-2026-05-21-live; wikipedia-2026-ituri-epidemic-2026-05-20-live; who-dg-remarks-bdbv-2026-05-20; cdc-current-situation-2026-05-21; who-dg-remarks-bdbv-2026-05-22; who-ihr-ec-bdbv-temporary-recommendations-2026-05-22,"Descriptive watch-point interval, not a forecast or response recommendation."
corridor:31:goma-cod:bundibugyo-uga,goma-cod,bundibugyo-uga,30,0.002809304675820745,0.008044937954350712,0.004693877467897317,0.013418033194442097,0.0014274740734616432,0.02871642379479904,zone-attributed confirmed count 1 for this source zone,BDBV-CLAIM-005,derived_model_output_with_unsupported_exponent_attribution,pinned_snapshot_model_output,who-don602-2026-05-15-live; who-pheic-2026-05-17-live; afro-sitrep-01-2026-05-18-live; afro-sitrep-01-pdf-2026-05-18-live; africa-cdc-phecs-2026-05-18-live; ecdc-bdbv-drc-uga-2026-05-19-live; ecdc-bdbv-drc-uga-2026-05-21-live; wikipedia-2026-ituri-epidemic-2026-05-20-live; who-dg-remarks-bdbv-2026-05-20; cdc-current-situation-2026-05-21; who-dg-remarks-bdbv-2026-05-22; who-ihr-ec-bdbv-temporary-recommendations-2026-05-22,"Descriptive watch-point interval, not a forecast or response recommendation."
corridor:32:butembo:arua-uga,butembo,arua-uga,30,0.0027147536753144574,0.008041019614872386,0.004536043377994625,0.013411515697292958,0.001134479702264632,0.028159272152151586,zone-attributed confirmed count 1 for this source zone,BDBV-CLAIM-005,derived_model_output_with_unsupported_exponent_attribution,pinned_snapshot_model_output,who-don602-2026-05-15-live; who-pheic-2026-05-17-live; afro-sitrep-01-2026-05-18-live; afro-sitrep-01-pdf-2026-05-18-live; africa-cdc-phecs-2026-05-18-live; ecdc-bdbv-drc-uga-2026-05-19-live; ecdc-bdbv-drc-uga-2026-05-21-live; wikipedia-2026-ituri-epidemic-2026-05-20-live; who-dg-remarks-bdbv-2026-05-20; cdc-current-situation-2026-05-21; who-dg-remarks-bdbv-2026-05-22; who-ihr-ec-bdbv-temporary-recommendations-2026-05-22,"Descriptive watch-point interval, not a forecast or response recommendation."
corridor:33:butembo:kasese-uga,butembo,kasese-uga,30,0.0030980780771977523,0.008029468058248002,0.005175866531750506,0.013392301234032788,0.0015259088739818017,0.02671644197327381,zone-attributed confirmed count 1 for this source zone,BDBV-CLAIM-005,derived_model_output_with_unsupported_exponent_attribution,pinned_snapshot_model_output,who-don602-2026-05-15-live; who-pheic-2026-05-17-live; afro-sitrep-01-2026-05-18-live; afro-sitrep-01-pdf-2026-05-18-live; africa-cdc-phecs-2026-05-18-live; ecdc-bdbv-drc-uga-2026-05-19-live; ecdc-bdbv-drc-uga-2026-05-21-live; wikipedia-2026-ituri-epidemic-2026-05-20-live; who-dg-remarks-bdbv-2026-05-20; cdc-current-situation-2026-05-21; who-dg-remarks-bdbv-2026-05-22; who-ihr-ec-bdbv-temporary-recommendations-2026-05-22,"Descriptive watch-point interval, not a forecast or response recommendation."
corridor:34:katwa:kampala-uga,katwa,kampala-uga,30,0.0029544317476485615,0.007995986987624798,0.004936119672873968,0.013336608726285226,0.00136108072111919,0.030048201299441118,zone-attributed confirmed count 1 for this source zone,BDBV-CLAIM-005,derived_model_output_with_unsupported_exponent_attribution,pinned_snapshot_model_output,who-don602-2026-05-15-live; who-pheic-2026-05-17-live; afro-sitrep-01-2026-05-18-live; afro-sitrep-01-pdf-2026-05-18-live; africa-cdc-phecs-2026-05-18-live; ecdc-bdbv-drc-uga-2026-05-19-live; ecdc-bdbv-drc-uga-2026-05-21-live; wikipedia-2026-ituri-epidemic-2026-05-20-live; who-dg-remarks-bdbv-2026-05-20; cdc-current-situation-2026-05-21; who-dg-remarks-bdbv-2026-05-22; who-ihr-ec-bdbv-temporary-recommendations-2026-05-22,"Descriptive watch-point interval, not a forecast or response recommendation."
corridor:35:goma-cod:nebbi-uga,goma-cod,nebbi-uga,30,0.00259159369182288,0.007933443558521658,0.004330436695075213,0.013232571670034887,0.0009679867448597696,0.026721793739885057,zone-attributed confirmed count 1 for this source zone,BDBV-CLAIM-005,derived_model_output_with_unsupported_exponent_attribution,pinned_snapshot_model_output,who-don602-2026-05-15-live; who-pheic-2026-05-17-live; afro-sitrep-01-2026-05-18-live; afro-sitrep-01-pdf-2026-05-18-live; africa-cdc-phecs-2026-05-18-live; ecdc-bdbv-drc-uga-2026-05-19-live; ecdc-bdbv-drc-uga-2026-05-21-live; wikipedia-2026-ituri-epidemic-2026-05-20-live; who-dg-remarks-bdbv-2026-05-20; cdc-current-situation-2026-05-21; who-dg-remarks-bdbv-2026-05-22; who-ihr-ec-bdbv-temporary-recommendations-2026-05-22,"Descriptive watch-point interval, not a forecast or response recommendation."
corridor:36:mongbwalu:kampala-uga,mongbwalu,kampala-uga,30,0.0027583051128704517,0.00792937799967755,0.004608745281243554,0.013225808667313599,0.0014314522490402688,0.030198356319468794,zone-attributed confirmed count 1 for this source zone,BDBV-CLAIM-005,derived_model_output_with_unsupported_exponent_attribution,pinned_snapshot_model_output,who-don602-2026-05-15-live; who-pheic-2026-05-17-live; afro-sitrep-01-2026-05-18-live; afro-sitrep-01-pdf-2026-05-18-live; africa-cdc-phecs-2026-05-18-live; ecdc-bdbv-drc-uga-2026-05-19-live; ecdc-bdbv-drc-uga-2026-05-21-live; wikipedia-2026-ituri-epidemic-2026-05-20-live; who-dg-remarks-bdbv-2026-05-20; cdc-current-situation-2026-05-21; who-dg-remarks-bdbv-2026-05-22; who-ihr-ec-bdbv-temporary-recommendations-2026-05-22,"Descriptive watch-point interval, not a forecast or response recommendation."
corridor:37:goma-cod:kampala-uga,goma-cod,kampala-uga,30,0.0028928731250043582,0.007927382779755215,0.004833370749173643,0.013222489621650013,0.0017002621505908034,0.026682735979828984,zone-attributed confirmed count 1 for this source zone,BDBV-CLAIM-005,derived_model_output_with_unsupported_exponent_attribution,pinned_snapshot_model_output,who-don602-2026-05-15-live; who-pheic-2026-05-17-live; afro-sitrep-01-2026-05-18-live; afro-sitrep-01-pdf-2026-05-18-live; africa-cdc-phecs-2026-05-18-live; ecdc-bdbv-drc-uga-2026-05-19-live; ecdc-bdbv-drc-uga-2026-05-21-live; wikipedia-2026-ituri-epidemic-2026-05-20-live; who-dg-remarks-bdbv-2026-05-20; cdc-current-situation-2026-05-21; who-dg-remarks-bdbv-2026-05-22; who-ihr-ec-bdbv-temporary-recommendations-2026-05-22,"Descriptive watch-point interval, not a forecast or response recommendation."
corridor:38:butembo:bundibugyo-uga,butembo,bundibugyo-uga,30,0.0028846968155175345,0.007886389485952994,0.004819721811417488,0.013154296890336342,0.0012789716844965049,0.026351226556235084,zone-attributed confirmed count 1 for this source zone,BDBV-CLAIM-005,derived_model_output_with_unsupported_exponent_attribution,pinned_snapshot_model_output,who-don602-2026-05-15-live; who-pheic-2026-05-17-live; afro-sitrep-01-2026-05-18-live; afro-sitrep-01-pdf-2026-05-18-live; africa-cdc-phecs-2026-05-18-live; ecdc-bdbv-drc-uga-2026-05-19-live; ecdc-bdbv-drc-uga-2026-05-21-live; wikipedia-2026-ituri-epidemic-2026-05-20-live; who-dg-remarks-bdbv-2026-05-20; cdc-current-situation-2026-05-21; who-dg-remarks-bdbv-2026-05-22; who-ihr-ec-bdbv-temporary-recommendations-2026-05-22,"Descriptive watch-point interval, not a forecast or response recommendation."
corridor:39:mongbwalu:kasese-uga,mongbwalu,kasese-uga,30,0.002816559482471531,0.007820484332588473,0.004705987877224982,0.013044658962353045,0.001211886104125304,0.026549978645043933,zone-attributed confirmed count 1 for this source zone,BDBV-CLAIM-005,derived_model_output_with_unsupported_exponent_attribution,pinned_snapshot_model_output,who-don602-2026-05-15-live; who-pheic-2026-05-17-live; afro-sitrep-01-2026-05-18-live; afro-sitrep-01-pdf-2026-05-18-live; africa-cdc-phecs-2026-05-18-live; ecdc-bdbv-drc-uga-2026-05-19-live; ecdc-bdbv-drc-uga-2026-05-21-live; wikipedia-2026-ituri-epidemic-2026-05-20-live; who-dg-remarks-bdbv-2026-05-20; cdc-current-situation-2026-05-21; who-dg-remarks-bdbv-2026-05-22; who-ihr-ec-bdbv-temporary-recommendations-2026-05-22,"Descriptive watch-point interval, not a forecast or response recommendation."
corridor:40:goma-cod:beni-cod,goma-cod,beni-cod,30,0.0031684538882445767,0.007809077884255555,0.005293315833493073,0.013025683196780269,0.0015305121299954566,0.0269556188509773,zone-attributed confirmed count 1 for this source zone,BDBV-CLAIM-005,derived_model_output_with_unsupported_exponent_attribution,pinned_snapshot_model_output,who-don602-2026-05-15-live; who-pheic-2026-05-17-live; afro-sitrep-01-2026-05-18-live; afro-sitrep-01-pdf-2026-05-18-live; africa-cdc-phecs-2026-05-18-live; ecdc-bdbv-drc-uga-2026-05-19-live; ecdc-bdbv-drc-uga-2026-05-21-live; wikipedia-2026-ituri-epidemic-2026-05-20-live; who-dg-remarks-bdbv-2026-05-20; cdc-current-situation-2026-05-21; who-dg-remarks-bdbv-2026-05-22; who-ihr-ec-bdbv-temporary-recommendations-2026-05-22,"Descriptive watch-point interval, not a forecast or response recommendation."
corridor:41:mongbwalu:nebbi-uga,mongbwalu,nebbi-uga,30,0.003050552038938975,0.007747803332035064,0.005096547570611704,0.012923743345512662,0.0014682934131848042,0.026953562081638332,zone-attributed confirmed count 1 for this source zone,BDBV-CLAIM-005,derived_model_output_with_unsupported_exponent_attribution,pinned_snapshot_model_output,who-don602-2026-05-15-live; who-pheic-2026-05-17-live; afro-sitrep-01-2026-05-18-live; afro-sitrep-01-pdf-2026-05-18-live; africa-cdc-phecs-2026-05-18-live; ecdc-bdbv-drc-uga-2026-05-19-live; ecdc-bdbv-drc-uga-2026-05-21-live; wikipedia-2026-ituri-epidemic-2026-05-20-live; who-dg-remarks-bdbv-2026-05-20; cdc-current-situation-2026-05-21; who-dg-remarks-bdbv-2026-05-22; who-ihr-ec-bdbv-temporary-recommendations-2026-05-22,"Descriptive watch-point interval, not a forecast or response recommendation."
corridor:42:goma-cod:arua-uga,goma-cod,arua-uga,30,0.0028399046412463935,0.0076928189012860915,0.00474495640188044,0.01283226485185232,0.001300275326385722,0.026542088440197016,zone-attributed confirmed count 1 for this source zone,BDBV-CLAIM-005,derived_model_output_with_unsupported_exponent_attribution,pinned_snapshot_model_output,who-don602-2026-05-15-live; who-pheic-2026-05-17-live; afro-sitrep-01-2026-05-18-live; afro-sitrep-01-pdf-2026-05-18-live; africa-cdc-phecs-2026-05-18-live; ecdc-bdbv-drc-uga-2026-05-19-live; ecdc-bdbv-drc-uga-2026-05-21-live; wikipedia-2026-ituri-epidemic-2026-05-20-live; who-dg-remarks-bdbv-2026-05-20; cdc-current-situation-2026-05-21; who-dg-remarks-bdbv-2026-05-22; who-ihr-ec-bdbv-temporary-recommendations-2026-05-22,"Descriptive watch-point interval, not a forecast or response recommendation."
