row_id,module,metric,value,value_lower,value_upper,unit,evidence_ref,evidence_status,derivation_type,source_ids,note
model:visibility:grade,visibility,grade,low,,,days_or_count,BDBV-CLAIM-024,corrected_derived_model_output,pinned_snapshot_model_output,who-don602-2026-05-15-live; who-pheic-2026-05-17-live; afro-sitrep-01-2026-05-18-live; afro-sitrep-01-pdf-2026-05-18-live; africa-cdc-phecs-2026-05-18-live; ecdc-bdbv-drc-uga-2026-05-19-live; ecdc-bdbv-drc-uga-2026-05-21-live; wikipedia-2026-ituri-epidemic-2026-05-20-live; who-dg-remarks-bdbv-2026-05-20; cdc-current-situation-2026-05-21; cdc-current-situation-2026-05-23; cdc-current-situation-2026-05-24; who-don603-2026-05-21-live; who-dg-remarks-bdbv-2026-05-22; who-ihr-ec-bdbv-temporary-recommendations-2026-05-22; drc-moh-epidemie-dashboard-sitrep-009-graphql-2026-05-24; cdc-current-situation-2026-05-25; ecdc-bdbv-drc-uga-2026-05-25-live; ecdc-bdbv-drc-uga-2026-05-26-live; ecdc-bdbv-drc-uga-2026-05-27-live; inrb-umie-ebola-drc-2026-build-2026-05-27-e40bc9e; drc-moh-epidemie-dashboard-sitrep-mve-n-007-mvb-17-2026-pdf-2026-05-22,Generated from checked-in snapshot output; exporter does not rerun model.
model:visibility:history_snapshot_count,visibility,history_snapshot_count,0,,,days_or_count,BDBV-CLAIM-024,corrected_derived_model_output,pinned_snapshot_model_output,who-don602-2026-05-15-live; who-pheic-2026-05-17-live; afro-sitrep-01-2026-05-18-live; afro-sitrep-01-pdf-2026-05-18-live; africa-cdc-phecs-2026-05-18-live; ecdc-bdbv-drc-uga-2026-05-19-live; ecdc-bdbv-drc-uga-2026-05-21-live; wikipedia-2026-ituri-epidemic-2026-05-20-live; who-dg-remarks-bdbv-2026-05-20; cdc-current-situation-2026-05-21; cdc-current-situation-2026-05-23; cdc-current-situation-2026-05-24; who-don603-2026-05-21-live; who-dg-remarks-bdbv-2026-05-22; who-ihr-ec-bdbv-temporary-recommendations-2026-05-22; drc-moh-epidemie-dashboard-sitrep-009-graphql-2026-05-24; cdc-current-situation-2026-05-25; ecdc-bdbv-drc-uga-2026-05-25-live; ecdc-bdbv-drc-uga-2026-05-26-live; ecdc-bdbv-drc-uga-2026-05-27-live; inrb-umie-ebola-drc-2026-build-2026-05-27-e40bc9e; drc-moh-epidemie-dashboard-sitrep-mve-n-007-mvb-17-2026-pdf-2026-05-22,Generated from checked-in snapshot output; exporter does not rerun model.
model:visibility:method_basis,visibility,method_basis,single_snapshot_bdbv_specific_prior_with_proxy_sensitivity,,,days_or_count,BDBV-CLAIM-024,corrected_derived_model_output,pinned_snapshot_model_output,who-don602-2026-05-15-live; who-pheic-2026-05-17-live; afro-sitrep-01-2026-05-18-live; afro-sitrep-01-pdf-2026-05-18-live; africa-cdc-phecs-2026-05-18-live; ecdc-bdbv-drc-uga-2026-05-19-live; ecdc-bdbv-drc-uga-2026-05-21-live; wikipedia-2026-ituri-epidemic-2026-05-20-live; who-dg-remarks-bdbv-2026-05-20; cdc-current-situation-2026-05-21; cdc-current-situation-2026-05-23; cdc-current-situation-2026-05-24; who-don603-2026-05-21-live; who-dg-remarks-bdbv-2026-05-22; who-ihr-ec-bdbv-temporary-recommendations-2026-05-22; drc-moh-epidemie-dashboard-sitrep-009-graphql-2026-05-24; cdc-current-situation-2026-05-25; ecdc-bdbv-drc-uga-2026-05-25-live; ecdc-bdbv-drc-uga-2026-05-26-live; ecdc-bdbv-drc-uga-2026-05-27-live; inrb-umie-ebola-drc-2026-build-2026-05-27-e40bc9e; drc-moh-epidemie-dashboard-sitrep-mve-n-007-mvb-17-2026-pdf-2026-05-22,Generated from checked-in snapshot output; exporter does not rerun model.
model:visibility:method_caveat,visibility,method_caveat,"No prior daily snapshot series is supplied to Module C for this release; reporting completeness and latency are prior-based, using the Rosello 2015 BDBV Isiro onset-to-notification distribution as the default. This is a historical prior-outbreak estimate, not a fitted 2026 reporting-delay estimate; Camacho 2015 EBOV-Zaire remains the proxy sensitivity comparator.",,,days_or_count,BDBV-CLAIM-024,corrected_derived_model_output,pinned_snapshot_model_output,who-don602-2026-05-15-live; who-pheic-2026-05-17-live; afro-sitrep-01-2026-05-18-live; afro-sitrep-01-pdf-2026-05-18-live; africa-cdc-phecs-2026-05-18-live; ecdc-bdbv-drc-uga-2026-05-19-live; ecdc-bdbv-drc-uga-2026-05-21-live; wikipedia-2026-ituri-epidemic-2026-05-20-live; who-dg-remarks-bdbv-2026-05-20; cdc-current-situation-2026-05-21; cdc-current-situation-2026-05-23; cdc-current-situation-2026-05-24; who-don603-2026-05-21-live; who-dg-remarks-bdbv-2026-05-22; who-ihr-ec-bdbv-temporary-recommendations-2026-05-22; drc-moh-epidemie-dashboard-sitrep-009-graphql-2026-05-24; cdc-current-situation-2026-05-25; ecdc-bdbv-drc-uga-2026-05-25-live; ecdc-bdbv-drc-uga-2026-05-26-live; ecdc-bdbv-drc-uga-2026-05-27-live; inrb-umie-ebola-drc-2026-build-2026-05-27-e40bc9e; drc-moh-epidemie-dashboard-sitrep-mve-n-007-mvb-17-2026-pdf-2026-05-22,Generated from checked-in snapshot output; exporter does not rerun model.
model:visibility:delay_prior,visibility,delay_prior,"{""gamma_shape_rate"": [1.1345, 0.1285], ""label"": ""Rosello 2015 BDBV Isiro onset-to-notification""}",,,days_or_count,BDBV-CLAIM-024,corrected_derived_model_output,pinned_snapshot_model_output,who-don602-2026-05-15-live; who-pheic-2026-05-17-live; afro-sitrep-01-2026-05-18-live; afro-sitrep-01-pdf-2026-05-18-live; africa-cdc-phecs-2026-05-18-live; ecdc-bdbv-drc-uga-2026-05-19-live; ecdc-bdbv-drc-uga-2026-05-21-live; wikipedia-2026-ituri-epidemic-2026-05-20-live; who-dg-remarks-bdbv-2026-05-20; cdc-current-situation-2026-05-21; cdc-current-situation-2026-05-23; cdc-current-situation-2026-05-24; who-don603-2026-05-21-live; who-dg-remarks-bdbv-2026-05-22; who-ihr-ec-bdbv-temporary-recommendations-2026-05-22; drc-moh-epidemie-dashboard-sitrep-009-graphql-2026-05-24; cdc-current-situation-2026-05-25; ecdc-bdbv-drc-uga-2026-05-25-live; ecdc-bdbv-drc-uga-2026-05-26-live; ecdc-bdbv-drc-uga-2026-05-27-live; inrb-umie-ebola-drc-2026-build-2026-05-27-e40bc9e; drc-moh-epidemie-dashboard-sitrep-mve-n-007-mvb-17-2026-pdf-2026-05-22,Generated from checked-in snapshot output; exporter does not rerun model.
model:visibility:sensitivity_delay_priors,visibility,sensitivity_delay_priors,"[{""gamma_shape_rate"": [0.81, 0.18], ""label"": ""Camacho 2015 EBOV-Zaire onset-to-notification sensitivity""}]",,,days_or_count,BDBV-CLAIM-024,corrected_derived_model_output,pinned_snapshot_model_output,who-don602-2026-05-15-live; who-pheic-2026-05-17-live; afro-sitrep-01-2026-05-18-live; afro-sitrep-01-pdf-2026-05-18-live; africa-cdc-phecs-2026-05-18-live; ecdc-bdbv-drc-uga-2026-05-19-live; ecdc-bdbv-drc-uga-2026-05-21-live; wikipedia-2026-ituri-epidemic-2026-05-20-live; who-dg-remarks-bdbv-2026-05-20; cdc-current-situation-2026-05-21; cdc-current-situation-2026-05-23; cdc-current-situation-2026-05-24; who-don603-2026-05-21-live; who-dg-remarks-bdbv-2026-05-22; who-ihr-ec-bdbv-temporary-recommendations-2026-05-22; drc-moh-epidemie-dashboard-sitrep-009-graphql-2026-05-24; cdc-current-situation-2026-05-25; ecdc-bdbv-drc-uga-2026-05-25-live; ecdc-bdbv-drc-uga-2026-05-26-live; ecdc-bdbv-drc-uga-2026-05-27-live; inrb-umie-ebola-drc-2026-build-2026-05-27-e40bc9e; drc-moh-epidemie-dashboard-sitrep-mve-n-007-mvb-17-2026-pdf-2026-05-22,Generated from checked-in snapshot output; exporter does not rerun model.
model:visibility:evidence_chain_ids,visibility,evidence_chain_ids,2 internal chain references (withheld),,,days_or_count,BDBV-CLAIM-024,corrected_derived_model_output,pinned_snapshot_model_output,who-don602-2026-05-15-live; who-pheic-2026-05-17-live; afro-sitrep-01-2026-05-18-live; afro-sitrep-01-pdf-2026-05-18-live; africa-cdc-phecs-2026-05-18-live; ecdc-bdbv-drc-uga-2026-05-19-live; ecdc-bdbv-drc-uga-2026-05-21-live; wikipedia-2026-ituri-epidemic-2026-05-20-live; who-dg-remarks-bdbv-2026-05-20; cdc-current-situation-2026-05-21; cdc-current-situation-2026-05-23; cdc-current-situation-2026-05-24; who-don603-2026-05-21-live; who-dg-remarks-bdbv-2026-05-22; who-ihr-ec-bdbv-temporary-recommendations-2026-05-22; drc-moh-epidemie-dashboard-sitrep-009-graphql-2026-05-24; cdc-current-situation-2026-05-25; ecdc-bdbv-drc-uga-2026-05-25-live; ecdc-bdbv-drc-uga-2026-05-26-live; ecdc-bdbv-drc-uga-2026-05-27-live; inrb-umie-ebola-drc-2026-build-2026-05-27-e40bc9e; drc-moh-epidemie-dashboard-sitrep-mve-n-007-mvb-17-2026-pdf-2026-05-22,Generated from checked-in snapshot output; exporter does not rerun model.
model:visibility:reporting_completeness_50,visibility,reporting_completeness_50,,0.40083855018264647,0.4600756339310298,proportion,BDBV-CLAIM-024,corrected_derived_model_output,pinned_snapshot_model_output,who-don602-2026-05-15-live; who-pheic-2026-05-17-live; afro-sitrep-01-2026-05-18-live; afro-sitrep-01-pdf-2026-05-18-live; africa-cdc-phecs-2026-05-18-live; ecdc-bdbv-drc-uga-2026-05-19-live; ecdc-bdbv-drc-uga-2026-05-21-live; wikipedia-2026-ituri-epidemic-2026-05-20-live; who-dg-remarks-bdbv-2026-05-20; cdc-current-situation-2026-05-21; cdc-current-situation-2026-05-23; cdc-current-situation-2026-05-24; who-don603-2026-05-21-live; who-dg-remarks-bdbv-2026-05-22; who-ihr-ec-bdbv-temporary-recommendations-2026-05-22; drc-moh-epidemie-dashboard-sitrep-009-graphql-2026-05-24; cdc-current-situation-2026-05-25; ecdc-bdbv-drc-uga-2026-05-25-live; ecdc-bdbv-drc-uga-2026-05-26-live; ecdc-bdbv-drc-uga-2026-05-27-live; inrb-umie-ebola-drc-2026-build-2026-05-27-e40bc9e; drc-moh-epidemie-dashboard-sitrep-mve-n-007-mvb-17-2026-pdf-2026-05-22,Generated from checked-in snapshot output; exporter does not rerun model.
model:visibility:publication_latency_50,visibility,publication_latency_50,,2.629134772791664,12.347130245494156,days_or_count,BDBV-CLAIM-024,corrected_derived_model_output,pinned_snapshot_model_output,who-don602-2026-05-15-live; who-pheic-2026-05-17-live; afro-sitrep-01-2026-05-18-live; afro-sitrep-01-pdf-2026-05-18-live; africa-cdc-phecs-2026-05-18-live; ecdc-bdbv-drc-uga-2026-05-19-live; ecdc-bdbv-drc-uga-2026-05-21-live; wikipedia-2026-ituri-epidemic-2026-05-20-live; who-dg-remarks-bdbv-2026-05-20; cdc-current-situation-2026-05-21; cdc-current-situation-2026-05-23; cdc-current-situation-2026-05-24; who-don603-2026-05-21-live; who-dg-remarks-bdbv-2026-05-22; who-ihr-ec-bdbv-temporary-recommendations-2026-05-22; drc-moh-epidemie-dashboard-sitrep-009-graphql-2026-05-24; cdc-current-situation-2026-05-25; ecdc-bdbv-drc-uga-2026-05-25-live; ecdc-bdbv-drc-uga-2026-05-26-live; ecdc-bdbv-drc-uga-2026-05-27-live; inrb-umie-ebola-drc-2026-build-2026-05-27-e40bc9e; drc-moh-epidemie-dashboard-sitrep-mve-n-007-mvb-17-2026-pdf-2026-05-22,Generated from checked-in snapshot output; exporter does not rerun model.
model:visibility:confirmation_backlog_50,visibility,confirmation_backlog_50,,499,836,days_or_count,BDBV-CLAIM-024,corrected_derived_model_output,pinned_snapshot_model_output,who-don602-2026-05-15-live; who-pheic-2026-05-17-live; afro-sitrep-01-2026-05-18-live; afro-sitrep-01-pdf-2026-05-18-live; africa-cdc-phecs-2026-05-18-live; ecdc-bdbv-drc-uga-2026-05-19-live; ecdc-bdbv-drc-uga-2026-05-21-live; wikipedia-2026-ituri-epidemic-2026-05-20-live; who-dg-remarks-bdbv-2026-05-20; cdc-current-situation-2026-05-21; cdc-current-situation-2026-05-23; cdc-current-situation-2026-05-24; who-don603-2026-05-21-live; who-dg-remarks-bdbv-2026-05-22; who-ihr-ec-bdbv-temporary-recommendations-2026-05-22; drc-moh-epidemie-dashboard-sitrep-009-graphql-2026-05-24; cdc-current-situation-2026-05-25; ecdc-bdbv-drc-uga-2026-05-25-live; ecdc-bdbv-drc-uga-2026-05-26-live; ecdc-bdbv-drc-uga-2026-05-27-live; inrb-umie-ebola-drc-2026-build-2026-05-27-e40bc9e; drc-moh-epidemie-dashboard-sitrep-mve-n-007-mvb-17-2026-pdf-2026-05-22,Generated from checked-in snapshot output; exporter does not rerun model.
model:transmission:latent_active_chains_95,transmission,latent_active_chains_95,,0,2,count_or_flag,BDBV-CLAIM-004,derived_supported,pinned_snapshot_model_output,who-don602-2026-05-15-live; who-pheic-2026-05-17-live; afro-sitrep-01-2026-05-18-live; afro-sitrep-01-pdf-2026-05-18-live; africa-cdc-phecs-2026-05-18-live; ecdc-bdbv-drc-uga-2026-05-19-live; ecdc-bdbv-drc-uga-2026-05-21-live; wikipedia-2026-ituri-epidemic-2026-05-20-live; who-dg-remarks-bdbv-2026-05-20; cdc-current-situation-2026-05-21; cdc-current-situation-2026-05-23; cdc-current-situation-2026-05-24; who-don603-2026-05-21-live; who-dg-remarks-bdbv-2026-05-22; who-ihr-ec-bdbv-temporary-recommendations-2026-05-22; drc-moh-epidemie-dashboard-sitrep-009-graphql-2026-05-24; cdc-current-situation-2026-05-25; ecdc-bdbv-drc-uga-2026-05-25-live; ecdc-bdbv-drc-uga-2026-05-26-live; ecdc-bdbv-drc-uga-2026-05-27-live; inrb-umie-ebola-drc-2026-build-2026-05-27-e40bc9e; drc-moh-epidemie-dashboard-sitrep-mve-n-007-mvb-17-2026-pdf-2026-05-22,
model:transmission:generation:1,transmission,generation_1_probability,0.0,,,probability,BDBV-CLAIM-004,derived_supported,pinned_snapshot_model_output,who-don602-2026-05-15-live; who-pheic-2026-05-17-live; afro-sitrep-01-2026-05-18-live; afro-sitrep-01-pdf-2026-05-18-live; africa-cdc-phecs-2026-05-18-live; ecdc-bdbv-drc-uga-2026-05-19-live; ecdc-bdbv-drc-uga-2026-05-21-live; wikipedia-2026-ituri-epidemic-2026-05-20-live; who-dg-remarks-bdbv-2026-05-20; cdc-current-situation-2026-05-21; cdc-current-situation-2026-05-23; cdc-current-situation-2026-05-24; who-don603-2026-05-21-live; who-dg-remarks-bdbv-2026-05-22; who-ihr-ec-bdbv-temporary-recommendations-2026-05-22; drc-moh-epidemie-dashboard-sitrep-009-graphql-2026-05-24; cdc-current-situation-2026-05-25; ecdc-bdbv-drc-uga-2026-05-25-live; ecdc-bdbv-drc-uga-2026-05-26-live; ecdc-bdbv-drc-uga-2026-05-27-live; inrb-umie-ebola-drc-2026-build-2026-05-27-e40bc9e; drc-moh-epidemie-dashboard-sitrep-mve-n-007-mvb-17-2026-pdf-2026-05-22,Generation max bin may be censored; see generations_max_bin_is_censored row.
model:transmission:generation:2,transmission,generation_2_probability,0.0,,,probability,BDBV-CLAIM-004,derived_supported,pinned_snapshot_model_output,who-don602-2026-05-15-live; who-pheic-2026-05-17-live; afro-sitrep-01-2026-05-18-live; afro-sitrep-01-pdf-2026-05-18-live; africa-cdc-phecs-2026-05-18-live; ecdc-bdbv-drc-uga-2026-05-19-live; ecdc-bdbv-drc-uga-2026-05-21-live; wikipedia-2026-ituri-epidemic-2026-05-20-live; who-dg-remarks-bdbv-2026-05-20; cdc-current-situation-2026-05-21; cdc-current-situation-2026-05-23; cdc-current-situation-2026-05-24; who-don603-2026-05-21-live; who-dg-remarks-bdbv-2026-05-22; who-ihr-ec-bdbv-temporary-recommendations-2026-05-22; drc-moh-epidemie-dashboard-sitrep-009-graphql-2026-05-24; cdc-current-situation-2026-05-25; ecdc-bdbv-drc-uga-2026-05-25-live; ecdc-bdbv-drc-uga-2026-05-26-live; ecdc-bdbv-drc-uga-2026-05-27-live; inrb-umie-ebola-drc-2026-build-2026-05-27-e40bc9e; drc-moh-epidemie-dashboard-sitrep-mve-n-007-mvb-17-2026-pdf-2026-05-22,Generation max bin may be censored; see generations_max_bin_is_censored row.
model:transmission:generation:3,transmission,generation_3_probability,0.0,,,probability,BDBV-CLAIM-004,derived_supported,pinned_snapshot_model_output,who-don602-2026-05-15-live; who-pheic-2026-05-17-live; afro-sitrep-01-2026-05-18-live; afro-sitrep-01-pdf-2026-05-18-live; africa-cdc-phecs-2026-05-18-live; ecdc-bdbv-drc-uga-2026-05-19-live; ecdc-bdbv-drc-uga-2026-05-21-live; wikipedia-2026-ituri-epidemic-2026-05-20-live; who-dg-remarks-bdbv-2026-05-20; cdc-current-situation-2026-05-21; cdc-current-situation-2026-05-23; cdc-current-situation-2026-05-24; who-don603-2026-05-21-live; who-dg-remarks-bdbv-2026-05-22; who-ihr-ec-bdbv-temporary-recommendations-2026-05-22; drc-moh-epidemie-dashboard-sitrep-009-graphql-2026-05-24; cdc-current-situation-2026-05-25; ecdc-bdbv-drc-uga-2026-05-25-live; ecdc-bdbv-drc-uga-2026-05-26-live; ecdc-bdbv-drc-uga-2026-05-27-live; inrb-umie-ebola-drc-2026-build-2026-05-27-e40bc9e; drc-moh-epidemie-dashboard-sitrep-mve-n-007-mvb-17-2026-pdf-2026-05-22,Generation max bin may be censored; see generations_max_bin_is_censored row.
model:transmission:generation:4,transmission,generation_4_probability,0.003,,,probability,BDBV-CLAIM-004,derived_supported,pinned_snapshot_model_output,who-don602-2026-05-15-live; who-pheic-2026-05-17-live; afro-sitrep-01-2026-05-18-live; afro-sitrep-01-pdf-2026-05-18-live; africa-cdc-phecs-2026-05-18-live; ecdc-bdbv-drc-uga-2026-05-19-live; ecdc-bdbv-drc-uga-2026-05-21-live; wikipedia-2026-ituri-epidemic-2026-05-20-live; who-dg-remarks-bdbv-2026-05-20; cdc-current-situation-2026-05-21; cdc-current-situation-2026-05-23; cdc-current-situation-2026-05-24; who-don603-2026-05-21-live; who-dg-remarks-bdbv-2026-05-22; who-ihr-ec-bdbv-temporary-recommendations-2026-05-22; drc-moh-epidemie-dashboard-sitrep-009-graphql-2026-05-24; cdc-current-situation-2026-05-25; ecdc-bdbv-drc-uga-2026-05-25-live; ecdc-bdbv-drc-uga-2026-05-26-live; ecdc-bdbv-drc-uga-2026-05-27-live; inrb-umie-ebola-drc-2026-build-2026-05-27-e40bc9e; drc-moh-epidemie-dashboard-sitrep-mve-n-007-mvb-17-2026-pdf-2026-05-22,Generation max bin may be censored; see generations_max_bin_is_censored row.
model:transmission:generation:5,transmission,generation_5_probability,0.027,,,probability,BDBV-CLAIM-004,derived_supported,pinned_snapshot_model_output,who-don602-2026-05-15-live; who-pheic-2026-05-17-live; afro-sitrep-01-2026-05-18-live; afro-sitrep-01-pdf-2026-05-18-live; africa-cdc-phecs-2026-05-18-live; ecdc-bdbv-drc-uga-2026-05-19-live; ecdc-bdbv-drc-uga-2026-05-21-live; wikipedia-2026-ituri-epidemic-2026-05-20-live; who-dg-remarks-bdbv-2026-05-20; cdc-current-situation-2026-05-21; cdc-current-situation-2026-05-23; cdc-current-situation-2026-05-24; who-don603-2026-05-21-live; who-dg-remarks-bdbv-2026-05-22; who-ihr-ec-bdbv-temporary-recommendations-2026-05-22; drc-moh-epidemie-dashboard-sitrep-009-graphql-2026-05-24; cdc-current-situation-2026-05-25; ecdc-bdbv-drc-uga-2026-05-25-live; ecdc-bdbv-drc-uga-2026-05-26-live; ecdc-bdbv-drc-uga-2026-05-27-live; inrb-umie-ebola-drc-2026-build-2026-05-27-e40bc9e; drc-moh-epidemie-dashboard-sitrep-mve-n-007-mvb-17-2026-pdf-2026-05-22,Generation max bin may be censored; see generations_max_bin_is_censored row.
model:transmission:generation:6,transmission,generation_6_probability,0.97,,,probability,BDBV-CLAIM-004,derived_supported,pinned_snapshot_model_output,who-don602-2026-05-15-live; who-pheic-2026-05-17-live; afro-sitrep-01-2026-05-18-live; afro-sitrep-01-pdf-2026-05-18-live; africa-cdc-phecs-2026-05-18-live; ecdc-bdbv-drc-uga-2026-05-19-live; ecdc-bdbv-drc-uga-2026-05-21-live; wikipedia-2026-ituri-epidemic-2026-05-20-live; who-dg-remarks-bdbv-2026-05-20; cdc-current-situation-2026-05-21; cdc-current-situation-2026-05-23; cdc-current-situation-2026-05-24; who-don603-2026-05-21-live; who-dg-remarks-bdbv-2026-05-22; who-ihr-ec-bdbv-temporary-recommendations-2026-05-22; drc-moh-epidemie-dashboard-sitrep-009-graphql-2026-05-24; cdc-current-situation-2026-05-25; ecdc-bdbv-drc-uga-2026-05-25-live; ecdc-bdbv-drc-uga-2026-05-26-live; ecdc-bdbv-drc-uga-2026-05-27-live; inrb-umie-ebola-drc-2026-build-2026-05-27-e40bc9e; drc-moh-epidemie-dashboard-sitrep-mve-n-007-mvb-17-2026-pdf-2026-05-22,Generation max bin may be censored; see generations_max_bin_is_censored row.
model:transmission:generations_max_bin_is_censored,transmission,generations_max_bin_is_censored,true,,,count_or_flag,BDBV-CLAIM-004,derived_supported,pinned_snapshot_model_output,who-don602-2026-05-15-live; who-pheic-2026-05-17-live; afro-sitrep-01-2026-05-18-live; afro-sitrep-01-pdf-2026-05-18-live; africa-cdc-phecs-2026-05-18-live; ecdc-bdbv-drc-uga-2026-05-19-live; ecdc-bdbv-drc-uga-2026-05-21-live; wikipedia-2026-ituri-epidemic-2026-05-20-live; who-dg-remarks-bdbv-2026-05-20; cdc-current-situation-2026-05-21; cdc-current-situation-2026-05-23; cdc-current-situation-2026-05-24; who-don603-2026-05-21-live; who-dg-remarks-bdbv-2026-05-22; who-ihr-ec-bdbv-temporary-recommendations-2026-05-22; drc-moh-epidemie-dashboard-sitrep-009-graphql-2026-05-24; cdc-current-situation-2026-05-25; ecdc-bdbv-drc-uga-2026-05-25-live; ecdc-bdbv-drc-uga-2026-05-26-live; ecdc-bdbv-drc-uga-2026-05-27-live; inrb-umie-ebola-drc-2026-build-2026-05-27-e40bc9e; drc-moh-epidemie-dashboard-sitrep-mve-n-007-mvb-17-2026-pdf-2026-05-22,
model:transmission:generations_max_bin_key,transmission,generations_max_bin_key,6,,,count_or_flag,BDBV-CLAIM-004,derived_supported,pinned_snapshot_model_output,who-don602-2026-05-15-live; who-pheic-2026-05-17-live; afro-sitrep-01-2026-05-18-live; afro-sitrep-01-pdf-2026-05-18-live; africa-cdc-phecs-2026-05-18-live; ecdc-bdbv-drc-uga-2026-05-19-live; ecdc-bdbv-drc-uga-2026-05-21-live; wikipedia-2026-ituri-epidemic-2026-05-20-live; who-dg-remarks-bdbv-2026-05-20; cdc-current-situation-2026-05-21; cdc-current-situation-2026-05-23; cdc-current-situation-2026-05-24; who-don603-2026-05-21-live; who-dg-remarks-bdbv-2026-05-22; who-ihr-ec-bdbv-temporary-recommendations-2026-05-22; drc-moh-epidemie-dashboard-sitrep-009-graphql-2026-05-24; cdc-current-situation-2026-05-25; ecdc-bdbv-drc-uga-2026-05-25-live; ecdc-bdbv-drc-uga-2026-05-26-live; ecdc-bdbv-drc-uga-2026-05-27-live; inrb-umie-ebola-drc-2026-build-2026-05-27-e40bc9e; drc-moh-epidemie-dashboard-sitrep-mve-n-007-mvb-17-2026-pdf-2026-05-22,
