row_id,clock_type,date_value,timestamp_value,source_id,source_role,source_tier,status,note
snapshot:analytic_as_of,analytic_as_of,2026-07-01,2026-07-01T23:59:59Z,,model_cutoff,,recorded,Analytic cutoff used by the generated model outputs.
snapshot:publication_cutoff,snapshot_date,2026-07-03,,,knowledge_state_cutoff,,derived_from_manifest,Latest source-publication date admitted to this working snapshot state.
snapshot:generated_at,generated_at,,,,artifact_generation,,not_recorded,The current pinned pipeline output does not record an artifact-generation timestamp.
source_data_report_date:who-don602-2026-05-15-live,source_data_report_date,2026-05-15,,who-don602-2026-05-15-live,,official_who,recorded,Data/report date the source says the observation describes.
source_publication_date:who-don602-2026-05-15-live,source_publication_date,2026-05-15,,who-don602-2026-05-15-live,,official_who,recorded,Date the source made the observation available.
source_retrieval_date:who-don602-2026-05-15-live,source_retrieval_date,2026-05-20,2026-05-20T05:42:36Z,who-don602-2026-05-15-live,,official_who,recorded,Archive capture timestamp for this source edition.
source_data_report_date:africa-cdc-phecs-2026-05-18-live,source_data_report_date,2026-05-18,,africa-cdc-phecs-2026-05-18-live,,official_continental_body,recorded,Data/report date the source says the observation describes.
source_publication_date:africa-cdc-phecs-2026-05-18-live,source_publication_date,2026-05-18,,africa-cdc-phecs-2026-05-18-live,,official_continental_body,recorded,Date the source made the observation available.
source_retrieval_date:africa-cdc-phecs-2026-05-18-live,source_retrieval_date,2026-05-20,2026-05-20T20:41:00Z,africa-cdc-phecs-2026-05-18-live,,official_continental_body,recorded,Archive capture timestamp for this source edition.
source_data_report_date:wikipedia-2026-ituri-epidemic-2026-05-20-live,source_data_report_date,2026-05-20,,wikipedia-2026-ituri-epidemic-2026-05-20-live,,aggregator,recorded,Data/report date the source says the observation describes.
source_publication_date:wikipedia-2026-ituri-epidemic-2026-05-20-live,source_publication_date,2026-05-20,,wikipedia-2026-ituri-epidemic-2026-05-20-live,,aggregator,recorded,Date the source made the observation available.
source_retrieval_date:wikipedia-2026-ituri-epidemic-2026-05-20-live,source_retrieval_date,2026-05-20,2026-05-20T20:41:30Z,wikipedia-2026-ituri-epidemic-2026-05-20-live,,aggregator,recorded,Archive capture timestamp for this source edition.
source_data_report_date:afro-sitrep-01-2026-05-18-live,source_data_report_date,2026-05-18,,afro-sitrep-01-2026-05-18-live,,official_who_afro,recorded,Data/report date the source says the observation describes.
source_publication_date:afro-sitrep-01-2026-05-18-live,source_publication_date,2026-05-18,,afro-sitrep-01-2026-05-18-live,,official_who_afro,recorded,Date the source made the observation available.
source_retrieval_date:afro-sitrep-01-2026-05-18-live,source_retrieval_date,2026-05-20,2026-05-20T22:00:00Z,afro-sitrep-01-2026-05-18-live,,official_who_afro,recorded,Archive capture timestamp for this source edition.
source_data_report_date:cdc-han-00530-2026-05,source_data_report_date,2026-05-19,,cdc-han-00530-2026-05,,official_cdc,recorded,Data/report date the source says the observation describes.
source_publication_date:cdc-han-00530-2026-05,source_publication_date,2026-05-19,,cdc-han-00530-2026-05,,official_cdc,recorded,Date the source made the observation available.
source_retrieval_date:cdc-han-00530-2026-05,source_retrieval_date,2026-05-20,2026-05-20T22:00:00Z,cdc-han-00530-2026-05,,official_cdc,recorded,Archive capture timestamp for this source edition.
source_data_report_date:imperial-mrc-gida-bdbv-2026-05-18,source_data_report_date,2026-05-18,,imperial-mrc-gida-bdbv-2026-05-18,,academic_collab_who,recorded,Data/report date the source says the observation describes.
source_publication_date:imperial-mrc-gida-bdbv-2026-05-18,source_publication_date,2026-05-18,,imperial-mrc-gida-bdbv-2026-05-18,,academic_collab_who,recorded,Date the source made the observation available.
source_retrieval_date:imperial-mrc-gida-bdbv-2026-05-18,source_retrieval_date,2026-05-20,2026-05-20T22:00:00Z,imperial-mrc-gida-bdbv-2026-05-18,,academic_collab_who,recorded,Archive capture timestamp for this source edition.
source_data_report_date:who-pheic-2026-05-17-live,source_data_report_date,2026-05-17,,who-pheic-2026-05-17-live,,official_who,recorded,Data/report date the source says the observation describes.
source_publication_date:who-pheic-2026-05-17-live,source_publication_date,2026-05-17,,who-pheic-2026-05-17-live,,official_who,recorded,Date the source made the observation available.
source_retrieval_date:who-pheic-2026-05-17-live,source_retrieval_date,2026-05-20,2026-05-20T22:00:00Z,who-pheic-2026-05-17-live,,official_who,recorded,Archive capture timestamp for this source edition.
source_data_report_date:who-dg-remarks-bdbv-2026-05-20,source_data_report_date,2026-05-20,,who-dg-remarks-bdbv-2026-05-20,,official_who,recorded,Data/report date the source says the observation describes.
source_publication_date:who-dg-remarks-bdbv-2026-05-20,source_publication_date,2026-05-20,,who-dg-remarks-bdbv-2026-05-20,,official_who,recorded,Date the source made the observation available.
source_retrieval_date:who-dg-remarks-bdbv-2026-05-20,source_retrieval_date,2026-05-21,2026-05-21T00:00:00Z,who-dg-remarks-bdbv-2026-05-20,,official_who,recorded,Archive capture timestamp for this source edition.
source_data_report_date:ecdc-bdbv-drc-uga-2026-05-19-live,source_data_report_date,2026-05-19,,ecdc-bdbv-drc-uga-2026-05-19-live,,regional_body,recorded,Data/report date the source says the observation describes.
source_publication_date:ecdc-bdbv-drc-uga-2026-05-19-live,source_publication_date,2026-05-19,,ecdc-bdbv-drc-uga-2026-05-19-live,,regional_body,recorded,Date the source made the observation available.
source_retrieval_date:ecdc-bdbv-drc-uga-2026-05-19-live,source_retrieval_date,2026-05-21,2026-05-21T00:55:53Z,ecdc-bdbv-drc-uga-2026-05-19-live,,regional_body,recorded,Archive capture timestamp for this source edition.
source_data_report_date:cdc-current-situation-2026-05-20,source_data_report_date,2026-05-19,,cdc-current-situation-2026-05-20,,official_cdc,recorded,Data/report date the source says the observation describes.
source_publication_date:cdc-current-situation-2026-05-20,source_publication_date,2026-05-20,,cdc-current-situation-2026-05-20,,official_cdc,recorded,Date the source made the observation available.
source_retrieval_date:cdc-current-situation-2026-05-20,source_retrieval_date,2026-05-21,2026-05-21T17:11:29Z,cdc-current-situation-2026-05-20,,official_cdc,recorded,Archive capture timestamp for this source edition.
source_data_report_date:afro-sitrep-01-pdf-2026-05-18-live,source_data_report_date,2026-05-18,,afro-sitrep-01-pdf-2026-05-18-live,,official_who_afro,recorded,Data/report date the source says the observation describes.
source_publication_date:afro-sitrep-01-pdf-2026-05-18-live,source_publication_date,2026-05-18,,afro-sitrep-01-pdf-2026-05-18-live,,official_who_afro,recorded,Date the source made the observation available.
source_retrieval_date:afro-sitrep-01-pdf-2026-05-18-live,source_retrieval_date,2026-05-21,2026-05-21T18:30:00Z,afro-sitrep-01-pdf-2026-05-18-live,,official_who_afro,recorded,Archive capture timestamp for this source edition.
source_data_report_date:imperial-mrc-gida-bdbv-2026-05-18-pdf-live,source_data_report_date,2026-05-18,,imperial-mrc-gida-bdbv-2026-05-18-pdf-live,,academic_collab_who,recorded,Data/report date the source says the observation describes.
source_publication_date:imperial-mrc-gida-bdbv-2026-05-18-pdf-live,source_publication_date,2026-05-18,,imperial-mrc-gida-bdbv-2026-05-18-pdf-live,,academic_collab_who,recorded,Date the source made the observation available.
source_retrieval_date:imperial-mrc-gida-bdbv-2026-05-18-pdf-live,source_retrieval_date,2026-05-21,2026-05-21T18:30:00Z,imperial-mrc-gida-bdbv-2026-05-18-pdf-live,,academic_collab_who,recorded,Archive capture timestamp for this source edition.
source_data_report_date:imperial-mrc-gida-bdbv-2026-05-20-live,source_data_report_date,2026-05-20,,imperial-mrc-gida-bdbv-2026-05-20-live,,academic_collab_who,recorded,Data/report date the source says the observation describes.
source_publication_date:imperial-mrc-gida-bdbv-2026-05-20-live,source_publication_date,2026-05-20,,imperial-mrc-gida-bdbv-2026-05-20-live,,academic_collab_who,recorded,Date the source made the observation available.
source_retrieval_date:imperial-mrc-gida-bdbv-2026-05-20-live,source_retrieval_date,2026-05-21,2026-05-21T18:30:00Z,imperial-mrc-gida-bdbv-2026-05-20-live,,academic_collab_who,recorded,Archive capture timestamp for this source edition.
source_data_report_date:cdc-current-situation-2026-05-21,source_data_report_date,2026-05-21,,cdc-current-situation-2026-05-21,,official_cdc,recorded,Data/report date the source says the observation describes.
source_publication_date:cdc-current-situation-2026-05-21,source_publication_date,2026-05-21,,cdc-current-situation-2026-05-21,,official_cdc,recorded,Date the source made the observation available.
source_retrieval_date:cdc-current-situation-2026-05-21,source_retrieval_date,2026-05-21,2026-05-21T23:00:04Z,cdc-current-situation-2026-05-21,,official_cdc,recorded,Archive capture timestamp for this source edition.
source_data_report_date:cdc-returning-travelers-info-2026-05-21-live,source_data_report_date,2026-05-21,,cdc-returning-travelers-info-2026-05-21-live,context_only,official_cdc,recorded,Data/report date the source says the observation describes.
source_publication_date:cdc-returning-travelers-info-2026-05-21-live,source_publication_date,2026-05-21,,cdc-returning-travelers-info-2026-05-21-live,context_only,official_cdc,recorded,Date the source made the observation available.
source_retrieval_date:cdc-returning-travelers-info-2026-05-21-live,source_retrieval_date,2026-05-22,2026-05-22T04:35:00Z,cdc-returning-travelers-info-2026-05-21-live,context_only,official_cdc,recorded,Archive capture timestamp for this source edition.
source_data_report_date:cdc-traveler-management-guidance-2026-05-21-pdf,source_data_report_date,2026-05-21,,cdc-traveler-management-guidance-2026-05-21-pdf,context_only,official_cdc,recorded,Data/report date the source says the observation describes.
source_publication_date:cdc-traveler-management-guidance-2026-05-21-pdf,source_publication_date,2026-05-21,,cdc-traveler-management-guidance-2026-05-21-pdf,context_only,official_cdc,recorded,Date the source made the observation available.
source_retrieval_date:cdc-traveler-management-guidance-2026-05-21-pdf,source_retrieval_date,2026-05-22,2026-05-22T04:35:00Z,cdc-traveler-management-guidance-2026-05-21-pdf,context_only,official_cdc,recorded,Archive capture timestamp for this source edition.
source_data_report_date:ecdc-bdbv-drc-uga-2026-05-21-live,source_data_report_date,2026-05-20,,ecdc-bdbv-drc-uga-2026-05-21-live,regional cross-check; not a replacement for primary CDC/WHO denominators,regional_body,recorded,Data/report date the source says the observation describes.
source_publication_date:ecdc-bdbv-drc-uga-2026-05-21-live,source_publication_date,2026-05-21,,ecdc-bdbv-drc-uga-2026-05-21-live,regional cross-check; not a replacement for primary CDC/WHO denominators,regional_body,recorded,Date the source made the observation available.
source_retrieval_date:ecdc-bdbv-drc-uga-2026-05-21-live,source_retrieval_date,2026-05-22,2026-05-22T04:35:00Z,ecdc-bdbv-drc-uga-2026-05-21-live,regional cross-check; not a replacement for primary CDC/WHO denominators,regional_body,recorded,Archive capture timestamp for this source edition.
source_data_report_date:ecdc-threat-assessment-bdbv-2026-05-21-pdf,source_data_report_date,2026-05-20,,ecdc-threat-assessment-bdbv-2026-05-21-pdf,context_only,regional_body,recorded,Data/report date the source says the observation describes.
source_publication_date:ecdc-threat-assessment-bdbv-2026-05-21-pdf,source_publication_date,2026-05-21,,ecdc-threat-assessment-bdbv-2026-05-21-pdf,context_only,regional_body,recorded,Date the source made the observation available.
source_retrieval_date:ecdc-threat-assessment-bdbv-2026-05-21-pdf,source_retrieval_date,2026-05-22,2026-05-22T04:35:00Z,ecdc-threat-assessment-bdbv-2026-05-21-pdf,context_only,regional_body,recorded,Archive capture timestamp for this source edition.
source_data_report_date:paho-who-epialert-bdbv-2026-05-21-pdf,source_data_report_date,2026-05-21,,paho-who-epialert-bdbv-2026-05-21-pdf,context_only,official_who,recorded,Data/report date the source says the observation describes.
source_publication_date:paho-who-epialert-bdbv-2026-05-21-pdf,source_publication_date,2026-05-21,,paho-who-epialert-bdbv-2026-05-21-pdf,context_only,official_who,recorded,Date the source made the observation available.
source_retrieval_date:paho-who-epialert-bdbv-2026-05-21-pdf,source_retrieval_date,2026-05-22,2026-05-22T04:35:00Z,paho-who-epialert-bdbv-2026-05-21-pdf,context_only,official_who,recorded,Archive capture timestamp for this source edition.
source_data_report_date:uk-gov-ebola-eastern-drc-support-2026-05-21-live,source_data_report_date,2026-05-21,,uk-gov-ebola-eastern-drc-support-2026-05-21-live,context_only,national_moh,recorded,Data/report date the source says the observation describes.
source_publication_date:uk-gov-ebola-eastern-drc-support-2026-05-21-live,source_publication_date,2026-05-21,,uk-gov-ebola-eastern-drc-support-2026-05-21-live,context_only,national_moh,recorded,Date the source made the observation available.
source_retrieval_date:uk-gov-ebola-eastern-drc-support-2026-05-21-live,source_retrieval_date,2026-05-22,2026-05-22T04:35:00Z,uk-gov-ebola-eastern-drc-support-2026-05-21-live,context_only,national_moh,recorded,Archive capture timestamp for this source edition.
source_data_report_date:who-afro-zambia-readiness-2026-05-21-live,source_data_report_date,2026-05-21,,who-afro-zambia-readiness-2026-05-21-live,context_only,official_who_afro,recorded,Data/report date the source says the observation describes.
source_publication_date:who-afro-zambia-readiness-2026-05-21-live,source_publication_date,2026-05-21,,who-afro-zambia-readiness-2026-05-21-live,context_only,official_who_afro,recorded,Date the source made the observation available.
source_retrieval_date:who-afro-zambia-readiness-2026-05-21-live,source_retrieval_date,2026-05-22,2026-05-22T04:35:00Z,who-afro-zambia-readiness-2026-05-21-live,context_only,official_who_afro,recorded,Archive capture timestamp for this source edition.
source_data_report_date:apnews-south-kivu-m23-claim-2026-05-21-live,source_data_report_date,2026-05-21,,apnews-south-kivu-m23-claim-2026-05-21-live,not used in model,unknown,recorded,Data/report date the source says the observation describes.
source_publication_date:apnews-south-kivu-m23-claim-2026-05-21-live,source_publication_date,2026-05-21,,apnews-south-kivu-m23-claim-2026-05-21-live,not used in model,unknown,recorded,Date the source made the observation available.
source_retrieval_date:apnews-south-kivu-m23-claim-2026-05-21-live,source_retrieval_date,2026-05-22,2026-05-22T06:50:53Z,apnews-south-kivu-m23-claim-2026-05-21-live,not used in model,unknown,recorded,Archive capture timestamp for this source edition.
source_data_report_date:enca-south-kivu-m23-claim-2026-05-21-live,source_data_report_date,2026-05-21,,enca-south-kivu-m23-claim-2026-05-21-live,not used in model,unknown,recorded,Data/report date the source says the observation describes.
source_publication_date:enca-south-kivu-m23-claim-2026-05-21-live,source_publication_date,2026-05-21,,enca-south-kivu-m23-claim-2026-05-21-live,not used in model,unknown,recorded,Date the source made the observation available.
source_retrieval_date:enca-south-kivu-m23-claim-2026-05-21-live,source_retrieval_date,2026-05-22,2026-05-22T06:50:53Z,enca-south-kivu-m23-claim-2026-05-21-live,not used in model,unknown,recorded,Archive capture timestamp for this source edition.
source_data_report_date:ifrc-regional-risk-response-2026-05-21-live,source_data_report_date,2026-05-21,,ifrc-regional-risk-response-2026-05-21-live,not used in model,unknown,recorded,Data/report date the source says the observation describes.
source_publication_date:ifrc-regional-risk-response-2026-05-21-live,source_publication_date,2026-05-21,,ifrc-regional-risk-response-2026-05-21-live,not used in model,unknown,recorded,Date the source made the observation available.
source_retrieval_date:ifrc-regional-risk-response-2026-05-21-live,source_retrieval_date,2026-05-22,2026-05-22T06:50:53Z,ifrc-regional-risk-response-2026-05-21-live,not used in model,unknown,recorded,Archive capture timestamp for this source edition.
source_data_report_date:who-dg-remarks-bdbv-2026-05-22,source_data_report_date,2026-05-22,,who-dg-remarks-bdbv-2026-05-22,primary_count_endpoint,official_who,recorded,Data/report date the source says the observation describes.
source_publication_date:who-dg-remarks-bdbv-2026-05-22,source_publication_date,2026-05-22,,who-dg-remarks-bdbv-2026-05-22,primary_count_endpoint,official_who,recorded,Date the source made the observation available.
source_retrieval_date:who-dg-remarks-bdbv-2026-05-22,source_retrieval_date,2026-05-22,2026-05-22T16:11:52Z,who-dg-remarks-bdbv-2026-05-22,primary_count_endpoint,official_who,recorded,Archive capture timestamp for this source edition.
source_data_report_date:who-ihr-ec-bdbv-temporary-recommendations-2026-05-22,source_data_report_date,2026-05-22,,who-ihr-ec-bdbv-temporary-recommendations-2026-05-22,context_only,official_who,recorded,Data/report date the source says the observation describes.
source_publication_date:who-ihr-ec-bdbv-temporary-recommendations-2026-05-22,source_publication_date,2026-05-22,,who-ihr-ec-bdbv-temporary-recommendations-2026-05-22,context_only,official_who,recorded,Date the source made the observation available.
source_retrieval_date:who-ihr-ec-bdbv-temporary-recommendations-2026-05-22,source_retrieval_date,2026-05-22,2026-05-22T16:11:52Z,who-ihr-ec-bdbv-temporary-recommendations-2026-05-22,context_only,official_who,recorded,Archive capture timestamp for this source edition.
source_data_report_date:cdc-current-situation-2026-05-22,source_data_report_date,2026-05-22,,cdc-current-situation-2026-05-22,"official CDC cross-check; does not supersede the WHO 22 May headline endpoint of 84 confirmed, approximately 750 suspected, and 177 suspected deaths",official_cdc,recorded,Data/report date the source says the observation describes.
source_publication_date:cdc-current-situation-2026-05-22,source_publication_date,2026-05-22,,cdc-current-situation-2026-05-22,"official CDC cross-check; does not supersede the WHO 22 May headline endpoint of 84 confirmed, approximately 750 suspected, and 177 suspected deaths",official_cdc,recorded,Date the source made the observation available.
source_retrieval_date:cdc-current-situation-2026-05-22,source_retrieval_date,2026-05-23,2026-05-23T04:09:36Z,cdc-current-situation-2026-05-22,"official CDC cross-check; does not supersede the WHO 22 May headline endpoint of 84 confirmed, approximately 750 suspected, and 177 suspected deaths",official_cdc,recorded,Archive capture timestamp for this source edition.
source_data_report_date:cdc-returning-travelers-info-2026-05-22-live,source_data_report_date,2026-05-22,,cdc-returning-travelers-info-2026-05-22-live,context_only,official_cdc,recorded,Data/report date the source says the observation describes.
source_publication_date:cdc-returning-travelers-info-2026-05-22-live,source_publication_date,2026-05-22,,cdc-returning-travelers-info-2026-05-22-live,context_only,official_cdc,recorded,Date the source made the observation available.
source_retrieval_date:cdc-returning-travelers-info-2026-05-22-live,source_retrieval_date,2026-05-23,2026-05-23T04:09:36Z,cdc-returning-travelers-info-2026-05-22-live,context_only,official_cdc,recorded,Archive capture timestamp for this source edition.
source_data_report_date:cdc-traveler-management-guidance-2026-05-22-live,source_data_report_date,2026-05-22,,cdc-traveler-management-guidance-2026-05-22-live,context_only,official_cdc,recorded,Data/report date the source says the observation describes.
source_publication_date:cdc-traveler-management-guidance-2026-05-22-live,source_publication_date,2026-05-22,,cdc-traveler-management-guidance-2026-05-22-live,context_only,official_cdc,recorded,Date the source made the observation available.
source_retrieval_date:cdc-traveler-management-guidance-2026-05-22-live,source_retrieval_date,2026-05-23,2026-05-23T04:09:36Z,cdc-traveler-management-guidance-2026-05-22-live,context_only,official_cdc,recorded,Archive capture timestamp for this source edition.
source_data_report_date:ecdc-bdbv-drc-uga-2026-05-22-live,source_data_report_date,2026-05-22,,ecdc-bdbv-drc-uga-2026-05-22-live,regional cross-check; lower than and not a replacement for the WHO 22 May headline endpoint,regional_body,recorded,Data/report date the source says the observation describes.
source_publication_date:ecdc-bdbv-drc-uga-2026-05-22-live,source_publication_date,2026-05-22,,ecdc-bdbv-drc-uga-2026-05-22-live,regional cross-check; lower than and not a replacement for the WHO 22 May headline endpoint,regional_body,recorded,Date the source made the observation available.
source_retrieval_date:ecdc-bdbv-drc-uga-2026-05-22-live,source_retrieval_date,2026-05-23,2026-05-23T04:09:36Z,ecdc-bdbv-drc-uga-2026-05-22-live,regional cross-check; lower than and not a replacement for the WHO 22 May headline endpoint,regional_body,recorded,Archive capture timestamp for this source edition.
source_data_report_date:drc-moh-epidemie-dashboard-full-graphql-2026-05-23,source_data_report_date,2026-05-22,,drc-moh-epidemie-dashboard-full-graphql-2026-05-23,restricted raw dashboard provenance; superseded for source-review display by drc-moh-epidemie-dashboard-sitrep-008-graphql-2026-05-23 and for corridor source load by the reviewed SitRep 007 PDF cumulative table,national_moh,recorded,Data/report date the source says the observation describes.
source_publication_date:drc-moh-epidemie-dashboard-full-graphql-2026-05-23,source_publication_date,2026-05-23,,drc-moh-epidemie-dashboard-full-graphql-2026-05-23,restricted raw dashboard provenance; superseded for source-review display by drc-moh-epidemie-dashboard-sitrep-008-graphql-2026-05-23 and for corridor source load by the reviewed SitRep 007 PDF cumulative table,national_moh,recorded,Date the source made the observation available.
source_retrieval_date:drc-moh-epidemie-dashboard-full-graphql-2026-05-23,source_retrieval_date,2026-05-23,2026-05-23T17:53:08Z,drc-moh-epidemie-dashboard-full-graphql-2026-05-23,restricted raw dashboard provenance; superseded for source-review display by drc-moh-epidemie-dashboard-sitrep-008-graphql-2026-05-23 and for corridor source load by the reviewed SitRep 007 PDF cumulative table,national_moh,recorded,Archive capture timestamp for this source edition.
source_data_report_date:drc-moh-epidemie-dashboard-sitrep-008-graphql-2026-05-23,source_data_report_date,2026-05-22,,drc-moh-epidemie-dashboard-sitrep-008-graphql-2026-05-23,,national_moh,recorded,Data/report date the source says the observation describes.
source_publication_date:drc-moh-epidemie-dashboard-sitrep-008-graphql-2026-05-23,source_publication_date,2026-05-23,,drc-moh-epidemie-dashboard-sitrep-008-graphql-2026-05-23,,national_moh,recorded,Date the source made the observation available.
source_retrieval_date:drc-moh-epidemie-dashboard-sitrep-008-graphql-2026-05-23,source_retrieval_date,2026-05-23,2026-05-23T18:36:26Z,drc-moh-epidemie-dashboard-sitrep-008-graphql-2026-05-23,,national_moh,recorded,Archive capture timestamp for this source edition.
source_data_report_date:drc-moh-epidemie-dashboard-sitrep-mve-n-007-mvb-17-2026-pdf-2026-05-22,source_data_report_date,2026-05-21,,drc-moh-epidemie-dashboard-sitrep-mve-n-007-mvb-17-2026-pdf-2026-05-22,,national_moh,recorded,Data/report date the source says the observation describes.
source_publication_date:drc-moh-epidemie-dashboard-sitrep-mve-n-007-mvb-17-2026-pdf-2026-05-22,source_publication_date,2026-05-22,,drc-moh-epidemie-dashboard-sitrep-mve-n-007-mvb-17-2026-pdf-2026-05-22,,national_moh,recorded,Date the source made the observation available.
source_retrieval_date:drc-moh-epidemie-dashboard-sitrep-mve-n-007-mvb-17-2026-pdf-2026-05-22,source_retrieval_date,2026-05-23,2026-05-23T18:36:26Z,drc-moh-epidemie-dashboard-sitrep-mve-n-007-mvb-17-2026-pdf-2026-05-22,,national_moh,recorded,Archive capture timestamp for this source edition.
source_data_report_date:who-don603-2026-05-21-live,source_data_report_date,2026-05-21,,who-don603-2026-05-21-live,"official WHO count/geography anchor; superseded for headline endpoint by later WHO 22 May remarks where metrics differ, retained as source-date timeline evidence",official_who,recorded,Data/report date the source says the observation describes.
source_publication_date:who-don603-2026-05-21-live,source_publication_date,2026-05-21,,who-don603-2026-05-21-live,"official WHO count/geography anchor; superseded for headline endpoint by later WHO 22 May remarks where metrics differ, retained as source-date timeline evidence",official_who,recorded,Date the source made the observation available.
source_retrieval_date:who-don603-2026-05-21-live,source_retrieval_date,2026-05-23,2026-05-23T19:21:01Z,who-don603-2026-05-21-live,"official WHO count/geography anchor; superseded for headline endpoint by later WHO 22 May remarks where metrics differ, retained as source-date timeline evidence",official_who,recorded,Archive capture timestamp for this source edition.
source_data_report_date:cdc-current-situation-2026-05-23,source_data_report_date,2026-05-23,,cdc-current-situation-2026-05-23,,official_cdc,recorded,Data/report date the source says the observation describes.
source_publication_date:cdc-current-situation-2026-05-23,source_publication_date,2026-05-23,,cdc-current-situation-2026-05-23,,official_cdc,recorded,Date the source made the observation available.
source_retrieval_date:cdc-current-situation-2026-05-23,source_retrieval_date,2026-05-24,2026-05-24T18:38:45Z,cdc-current-situation-2026-05-23,,official_cdc,recorded,Archive capture timestamp for this source edition.
source_data_report_date:drc-moh-epidemie-dashboard-sitrep-009-graphql-2026-05-24,source_data_report_date,,,drc-moh-epidemie-dashboard-sitrep-009-graphql-2026-05-24,,national_moh,not_recorded,Data/report date the source says the observation describes.
source_publication_date:drc-moh-epidemie-dashboard-sitrep-009-graphql-2026-05-24,source_publication_date,2026-05-24,,drc-moh-epidemie-dashboard-sitrep-009-graphql-2026-05-24,,national_moh,recorded,Date the source made the observation available.
source_retrieval_date:drc-moh-epidemie-dashboard-sitrep-009-graphql-2026-05-24,source_retrieval_date,2026-05-24,2026-05-24T23:53:59Z,drc-moh-epidemie-dashboard-sitrep-009-graphql-2026-05-24,,national_moh,recorded,Archive capture timestamp for this source edition.
source_data_report_date:cdc-current-situation-2026-05-24,source_data_report_date,2026-05-24,,cdc-current-situation-2026-05-24,,official_cdc,recorded,Data/report date the source says the observation describes.
source_publication_date:cdc-current-situation-2026-05-24,source_publication_date,2026-05-24,,cdc-current-situation-2026-05-24,,official_cdc,recorded,Date the source made the observation available.
source_retrieval_date:cdc-current-situation-2026-05-24,source_retrieval_date,2026-05-25,2026-05-25T03:58:37Z,cdc-current-situation-2026-05-24,,official_cdc,recorded,Archive capture timestamp for this source edition.
source_data_report_date:ecdc-bdbv-drc-uga-2026-05-25-live,source_data_report_date,2026-05-23,,ecdc-bdbv-drc-uga-2026-05-25-live,regional_cross_check_only,regional_body,recorded,Data/report date the source says the observation describes.
source_publication_date:ecdc-bdbv-drc-uga-2026-05-25-live,source_publication_date,2026-05-25,,ecdc-bdbv-drc-uga-2026-05-25-live,regional_cross_check_only,regional_body,recorded,Date the source made the observation available.
source_retrieval_date:ecdc-bdbv-drc-uga-2026-05-25-live,source_retrieval_date,2026-05-25,2026-05-25T18:36:38Z,ecdc-bdbv-drc-uga-2026-05-25-live,regional_cross_check_only,regional_body,recorded,Archive capture timestamp for this source edition.
source_data_report_date:who-afro-outbreak-hub-2026-05-24-live,source_data_report_date,,,who-afro-outbreak-hub-2026-05-24-live,context_only,official_who_afro,not_recorded,Data/report date the source says the observation describes.
source_publication_date:who-afro-outbreak-hub-2026-05-24-live,source_publication_date,2026-05-24,,who-afro-outbreak-hub-2026-05-24-live,context_only,official_who_afro,recorded,Date the source made the observation available.
source_retrieval_date:who-afro-outbreak-hub-2026-05-24-live,source_retrieval_date,2026-05-25,2026-05-25T18:36:38Z,who-afro-outbreak-hub-2026-05-24-live,context_only,official_who_afro,recorded,Archive capture timestamp for this source edition.
source_data_report_date:cdc-current-situation-2026-05-25,source_data_report_date,2026-05-25,,cdc-current-situation-2026-05-25,"official CDC headline/source-review input for global COD+UGA counts; can update headline confirmed/suspected only after source-review, and does not by itself update DRC MoH zone-attributed corridor source load.",official_cdc,recorded,Data/report date the source says the observation describes.
source_publication_date:cdc-current-situation-2026-05-25,source_publication_date,2026-05-25,,cdc-current-situation-2026-05-25,"official CDC headline/source-review input for global COD+UGA counts; can update headline confirmed/suspected only after source-review, and does not by itself update DRC MoH zone-attributed corridor source load.",official_cdc,recorded,Date the source made the observation available.
source_retrieval_date:cdc-current-situation-2026-05-25,source_retrieval_date,2026-05-25,2026-05-25T22:17:34Z,cdc-current-situation-2026-05-25,"official CDC headline/source-review input for global COD+UGA counts; can update headline confirmed/suspected only after source-review, and does not by itself update DRC MoH zone-attributed corridor source load.",official_cdc,recorded,Archive capture timestamp for this source edition.
source_data_report_date:ecdc-bdbv-drc-uga-2026-05-26-live,source_data_report_date,2026-05-25,,ecdc-bdbv-drc-uga-2026-05-26-live,regional cross-check and source-review input; values corroborate the CDC 2026-05-25 country-pair endpoint but do not independently change the published May 25 headline tuple,regional_body,recorded,Data/report date the source says the observation describes.
source_publication_date:ecdc-bdbv-drc-uga-2026-05-26-live,source_publication_date,2026-05-26,,ecdc-bdbv-drc-uga-2026-05-26-live,regional cross-check and source-review input; values corroborate the CDC 2026-05-25 country-pair endpoint but do not independently change the published May 25 headline tuple,regional_body,recorded,Date the source made the observation available.
source_retrieval_date:ecdc-bdbv-drc-uga-2026-05-26-live,source_retrieval_date,2026-05-26,2026-05-26T22:13:28Z,ecdc-bdbv-drc-uga-2026-05-26-live,regional cross-check and source-review input; values corroborate the CDC 2026-05-25 country-pair endpoint but do not independently change the published May 25 headline tuple,regional_body,recorded,Archive capture timestamp for this source edition.
source_data_report_date:inrb-umie-ebola-drc-2026-build-2026-05-27-059661a,source_data_report_date,2026-05-26,,inrb-umie-ebola-drc-2026-build-2026-05-27-059661a,"primary DRC authority/partner data release for national count promotion and publication-clock routing; DRC-only national fields are preserved as country-specific values, and COD+UGA deaths require an explicit Uganda component.",national_moh,recorded,Data/report date the source says the observation describes.
source_publication_date:inrb-umie-ebola-drc-2026-build-2026-05-27-059661a,source_publication_date,2026-05-27,,inrb-umie-ebola-drc-2026-build-2026-05-27-059661a,"primary DRC authority/partner data release for national count promotion and publication-clock routing; DRC-only national fields are preserved as country-specific values, and COD+UGA deaths require an explicit Uganda component.",national_moh,recorded,Date the source made the observation available.
source_retrieval_date:inrb-umie-ebola-drc-2026-build-2026-05-27-059661a,source_retrieval_date,2026-05-27,2026-05-27T15:57:33Z,inrb-umie-ebola-drc-2026-build-2026-05-27-059661a,"primary DRC authority/partner data release for national count promotion and publication-clock routing; DRC-only national fields are preserved as country-specific values, and COD+UGA deaths require an explicit Uganda component.",national_moh,recorded,Archive capture timestamp for this source edition.
source_data_report_date:ecdc-bdbv-drc-uga-2026-05-27-live,source_data_report_date,2026-05-26,,ecdc-bdbv-drc-uga-2026-05-27-live,"Primary regional cross-corroboration of the DRC MoH 26 May release; in concert with INRB build-2026-05-27 (DRC-only national_moh), supports promotion of DRC MoH 26 May to headline count endpoint for the May-27 publication-state snapshot. CDC May-26 retained as dated conflict anchor (105/906/10/223).",regional_body,recorded,Data/report date the source says the observation describes.
source_publication_date:ecdc-bdbv-drc-uga-2026-05-27-live,source_publication_date,2026-05-27,,ecdc-bdbv-drc-uga-2026-05-27-live,"Primary regional cross-corroboration of the DRC MoH 26 May release; in concert with INRB build-2026-05-27 (DRC-only national_moh), supports promotion of DRC MoH 26 May to headline count endpoint for the May-27 publication-state snapshot. CDC May-26 retained as dated conflict anchor (105/906/10/223).",regional_body,recorded,Date the source made the observation available.
source_retrieval_date:ecdc-bdbv-drc-uga-2026-05-27-live,source_retrieval_date,2026-05-27,2026-05-27T17:25:00Z,ecdc-bdbv-drc-uga-2026-05-27-live,"Primary regional cross-corroboration of the DRC MoH 26 May release; in concert with INRB build-2026-05-27 (DRC-only national_moh), supports promotion of DRC MoH 26 May to headline count endpoint for the May-27 publication-state snapshot. CDC May-26 retained as dated conflict anchor (105/906/10/223).",regional_body,recorded,Archive capture timestamp for this source edition.
source_data_report_date:inrb-umie-ebola-drc-2026-build-2026-05-27-e40bc9e,source_data_report_date,2026-05-26,,inrb-umie-ebola-drc-2026-build-2026-05-27-e40bc9e,"primary DRC authority/partner data release for national count promotion and publication-clock routing; DRC-only national fields are preserved as country-specific values, and COD+UGA deaths require an explicit Uganda component.",national_moh,recorded,Data/report date the source says the observation describes.
source_publication_date:inrb-umie-ebola-drc-2026-build-2026-05-27-e40bc9e,source_publication_date,2026-05-27,,inrb-umie-ebola-drc-2026-build-2026-05-27-e40bc9e,"primary DRC authority/partner data release for national count promotion and publication-clock routing; DRC-only national fields are preserved as country-specific values, and COD+UGA deaths require an explicit Uganda component.",national_moh,recorded,Date the source made the observation available.
source_retrieval_date:inrb-umie-ebola-drc-2026-build-2026-05-27-e40bc9e,source_retrieval_date,2026-05-28,2026-05-28T02:41:54Z,inrb-umie-ebola-drc-2026-build-2026-05-27-e40bc9e,"primary DRC authority/partner data release for national count promotion and publication-clock routing; DRC-only national fields are preserved as country-specific values, and COD+UGA deaths require an explicit Uganda component.",national_moh,recorded,Archive capture timestamp for this source edition.
source_data_report_date:inrb-umie-ebola-drc-2026-build-2026-05-28-bb8b7d5,source_data_report_date,2026-05-26,,inrb-umie-ebola-drc-2026-build-2026-05-28-bb8b7d5,primary DRC authority/partner data release for source review and publication-clock routing; DRC-only national fields are preserved as country-specific values and are not generic headline counts.,national_moh,recorded,Data/report date the source says the observation describes.
source_publication_date:inrb-umie-ebola-drc-2026-build-2026-05-28-bb8b7d5,source_publication_date,2026-05-28,,inrb-umie-ebola-drc-2026-build-2026-05-28-bb8b7d5,primary DRC authority/partner data release for source review and publication-clock routing; DRC-only national fields are preserved as country-specific values and are not generic headline counts.,national_moh,recorded,Date the source made the observation available.
source_retrieval_date:inrb-umie-ebola-drc-2026-build-2026-05-28-bb8b7d5,source_retrieval_date,2026-05-28,2026-05-28T12:21:16Z,inrb-umie-ebola-drc-2026-build-2026-05-28-bb8b7d5,primary DRC authority/partner data release for source review and publication-clock routing; DRC-only national fields are preserved as country-specific values and are not generic headline counts.,national_moh,recorded,Archive capture timestamp for this source edition.
source_data_report_date:inrb-sitrep-015-2026-05-29,source_data_report_date,2026-05-29,,inrb-sitrep-015-2026-05-29,,national_moh,recorded,Data/report date the source says the observation describes.
source_publication_date:inrb-sitrep-015-2026-05-29,source_publication_date,2026-05-30,,inrb-sitrep-015-2026-05-29,,national_moh,recorded,Date the source made the observation available.
source_retrieval_date:inrb-sitrep-015-2026-05-29,source_retrieval_date,2026-06-01,2026-06-01T00:00:00Z,inrb-sitrep-015-2026-05-29,,national_moh,recorded,Archive capture timestamp for this source edition.
source_data_report_date:inrb-sitrep-016-2026-05-30,source_data_report_date,2026-05-30,,inrb-sitrep-016-2026-05-30,,national_moh,recorded,Data/report date the source says the observation describes.
source_publication_date:inrb-sitrep-016-2026-05-30,source_publication_date,2026-05-31,,inrb-sitrep-016-2026-05-30,,national_moh,recorded,Date the source made the observation available.
source_retrieval_date:inrb-sitrep-016-2026-05-30,source_retrieval_date,2026-06-01,2026-06-01T00:00:00Z,inrb-sitrep-016-2026-05-30,,national_moh,recorded,Archive capture timestamp for this source edition.
source_data_report_date:inrb-sitrep-017-2026-05-31,source_data_report_date,2026-05-31,,inrb-sitrep-017-2026-05-31,,national_moh,recorded,Data/report date the source says the observation describes.
source_publication_date:inrb-sitrep-017-2026-05-31,source_publication_date,2026-06-01,,inrb-sitrep-017-2026-05-31,,national_moh,recorded,Date the source made the observation available.
source_retrieval_date:inrb-sitrep-017-2026-05-31,source_retrieval_date,2026-06-01,2026-06-01T00:00:00Z,inrb-sitrep-017-2026-05-31,,national_moh,recorded,Archive capture timestamp for this source edition.
source_data_report_date:inrb-umie-ebola-drc-2026-build-2026-06-01-b4cafc9,source_data_report_date,2026-05-29,,inrb-umie-ebola-drc-2026-build-2026-06-01-b4cafc9,primary DRC authority/partner per-zone release used for geographic confirmed-case attribution at 2026-05-29; the COD+UGA headline counts remain sourced from inrb-sitrep-017-2026-05-31 and this build's national rollup is not promoted to headline.,national_moh,recorded,Data/report date the source says the observation describes.
source_publication_date:inrb-umie-ebola-drc-2026-build-2026-06-01-b4cafc9,source_publication_date,2026-06-01,,inrb-umie-ebola-drc-2026-build-2026-06-01-b4cafc9,primary DRC authority/partner per-zone release used for geographic confirmed-case attribution at 2026-05-29; the COD+UGA headline counts remain sourced from inrb-sitrep-017-2026-05-31 and this build's national rollup is not promoted to headline.,national_moh,recorded,Date the source made the observation available.
source_retrieval_date:inrb-umie-ebola-drc-2026-build-2026-06-01-b4cafc9,source_retrieval_date,2026-06-02,2026-06-02T00:00:00Z,inrb-umie-ebola-drc-2026-build-2026-06-01-b4cafc9,primary DRC authority/partner per-zone release used for geographic confirmed-case attribution at 2026-05-29; the COD+UGA headline counts remain sourced from inrb-sitrep-017-2026-05-31 and this build's national rollup is not promoted to headline.,national_moh,recorded,Archive capture timestamp for this source edition.
source_data_report_date:cdc-current-situation-2026-06-02,source_data_report_date,2026-06-02,,cdc-current-situation-2026-06-02,Uganda country-scope confirmed + probable anchor (Kampala/Wakiso). Official CDC. Updates the carried Uganda anchor on the country-scope composition only; does NOT update DRC MoH zone-attributed corridor source load.,official_cdc,recorded,Data/report date the source says the observation describes.
source_publication_date:cdc-current-situation-2026-06-02,source_publication_date,2026-06-02,,cdc-current-situation-2026-06-02,Uganda country-scope confirmed + probable anchor (Kampala/Wakiso). Official CDC. Updates the carried Uganda anchor on the country-scope composition only; does NOT update DRC MoH zone-attributed corridor source load.,official_cdc,recorded,Date the source made the observation available.
source_retrieval_date:cdc-current-situation-2026-06-02,source_retrieval_date,2026-06-03,2026-06-03T00:00:00Z,cdc-current-situation-2026-06-02,Uganda country-scope confirmed + probable anchor (Kampala/Wakiso). Official CDC. Updates the carried Uganda anchor on the country-scope composition only; does NOT update DRC MoH zone-attributed corridor source load.,official_cdc,recorded,Archive capture timestamp for this source edition.
source_data_report_date:ecdc-bdbv-drc-uga-2026-06-03-live,source_data_report_date,2026-06-03,,ecdc-bdbv-drc-uga-2026-06-03-live,"Uganda confirmed anchor (byte-verifiable) + transmission characterization. ECDC states at least 7 of Uganda's cases are associated with local transmission events and 4 with travel links to DRC, per health officials.",official_ecdc,recorded,Data/report date the source says the observation describes.
source_publication_date:ecdc-bdbv-drc-uga-2026-06-03-live,source_publication_date,2026-06-03,,ecdc-bdbv-drc-uga-2026-06-03-live,"Uganda confirmed anchor (byte-verifiable) + transmission characterization. ECDC states at least 7 of Uganda's cases are associated with local transmission events and 4 with travel links to DRC, per health officials.",official_ecdc,recorded,Date the source made the observation available.
source_retrieval_date:ecdc-bdbv-drc-uga-2026-06-03-live,source_retrieval_date,2026-06-03,2026-06-03T00:00:00Z,ecdc-bdbv-drc-uga-2026-06-03-live,"Uganda confirmed anchor (byte-verifiable) + transmission characterization. ECDC states at least 7 of Uganda's cases are associated with local transmission events and 4 with travel links to DRC, per health officials.",official_ecdc,recorded,Archive capture timestamp for this source edition.
source_data_report_date:inrb-sitrep-018-2026-06-01,source_data_report_date,2026-06-01,,inrb-sitrep-018-2026-06-01,,national_moh,recorded,Data/report date the source says the observation describes.
source_publication_date:inrb-sitrep-018-2026-06-01,source_publication_date,2026-06-02,,inrb-sitrep-018-2026-06-01,,national_moh,recorded,Date the source made the observation available.
source_retrieval_date:inrb-sitrep-018-2026-06-01,source_retrieval_date,2026-06-03,2026-06-03T15:17:00Z,inrb-sitrep-018-2026-06-01,,national_moh,recorded,Archive capture timestamp for this source edition.
source_data_report_date:inrb-sitrep-019-2026-06-02,source_data_report_date,2026-06-02,,inrb-sitrep-019-2026-06-02,,national_moh,recorded,Data/report date the source says the observation describes.
source_publication_date:inrb-sitrep-019-2026-06-02,source_publication_date,2026-06-03,,inrb-sitrep-019-2026-06-02,,national_moh,recorded,Date the source made the observation available.
source_retrieval_date:inrb-sitrep-019-2026-06-02,source_retrieval_date,2026-06-03,2026-06-03T17:17:00Z,inrb-sitrep-019-2026-06-02,,national_moh,recorded,Archive capture timestamp for this source edition.
source_data_report_date:inrb-sitrep-020-2026-06-03,source_data_report_date,2026-06-03,,inrb-sitrep-020-2026-06-03,,national_moh,recorded,Data/report date the source says the observation describes.
source_publication_date:inrb-sitrep-020-2026-06-03,source_publication_date,2026-06-04,,inrb-sitrep-020-2026-06-03,,national_moh,recorded,Date the source made the observation available.
source_retrieval_date:inrb-sitrep-020-2026-06-03,source_retrieval_date,2026-06-04,2026-06-04T19:22:25Z,inrb-sitrep-020-2026-06-03,,national_moh,recorded,Archive capture timestamp for this source edition.
source_data_report_date:inrb-sitrep-021-2026-06-04,source_data_report_date,2026-06-04,,inrb-sitrep-021-2026-06-04,,national_moh,recorded,Data/report date the source says the observation describes.
source_publication_date:inrb-sitrep-021-2026-06-04,source_publication_date,2026-06-05,,inrb-sitrep-021-2026-06-04,,national_moh,recorded,Date the source made the observation available.
source_retrieval_date:inrb-sitrep-021-2026-06-04,source_retrieval_date,2026-06-05,2026-06-05T14:32:00Z,inrb-sitrep-021-2026-06-04,,national_moh,recorded,Archive capture timestamp for this source edition.
source_data_report_date:inrb-sitrep-022-2026-06-05,source_data_report_date,2026-06-05,,inrb-sitrep-022-2026-06-05,primary_count_endpoint,national_moh,recorded,Data/report date the source says the observation describes.
source_publication_date:inrb-sitrep-022-2026-06-05,source_publication_date,2026-06-06,,inrb-sitrep-022-2026-06-05,primary_count_endpoint,national_moh,recorded,Date the source made the observation available.
source_retrieval_date:inrb-sitrep-022-2026-06-05,source_retrieval_date,2026-06-06,2026-06-06T18:00:00Z,inrb-sitrep-022-2026-06-05,primary_count_endpoint,national_moh,recorded,Archive capture timestamp for this source edition.
source_data_report_date:inrb-sitrep-023-2026-06-06,source_data_report_date,2026-06-06,,inrb-sitrep-023-2026-06-06,primary_count_endpoint,national_moh,recorded,Data/report date the source says the observation describes.
source_publication_date:inrb-sitrep-023-2026-06-06,source_publication_date,2026-06-07,,inrb-sitrep-023-2026-06-06,primary_count_endpoint,national_moh,recorded,Date the source made the observation available.
source_retrieval_date:inrb-sitrep-023-2026-06-06,source_retrieval_date,2026-06-07,2026-06-07T20:23:12Z,inrb-sitrep-023-2026-06-06,primary_count_endpoint,national_moh,recorded,Archive capture timestamp for this source edition.
source_data_report_date:uganda-moh-ebola-update-2026-06-06,source_data_report_date,2026-06-06,,uganda-moh-ebola-update-2026-06-06,uganda_country_scope_anchor,national_moh,recorded,Data/report date the source says the observation describes.
source_publication_date:uganda-moh-ebola-update-2026-06-06,source_publication_date,2026-06-06,,uganda-moh-ebola-update-2026-06-06,uganda_country_scope_anchor,national_moh,recorded,Date the source made the observation available.
source_retrieval_date:uganda-moh-ebola-update-2026-06-06,source_retrieval_date,2026-06-08,2026-06-08T16:35:00Z,uganda-moh-ebola-update-2026-06-06,uganda_country_scope_anchor,national_moh,recorded,Archive capture timestamp for this source edition.
source_data_report_date:who-daily-epi-bdbv-2026-06-08,source_data_report_date,2026-06-06,,who-daily-epi-bdbv-2026-06-08,country_scope_cross_check,official_who,recorded,Data/report date the source says the observation describes.
source_publication_date:who-daily-epi-bdbv-2026-06-08,source_publication_date,2026-06-08,,who-daily-epi-bdbv-2026-06-08,country_scope_cross_check,official_who,recorded,Date the source made the observation available.
source_retrieval_date:who-daily-epi-bdbv-2026-06-08,source_retrieval_date,2026-06-08,2026-06-08T16:40:00Z,who-daily-epi-bdbv-2026-06-08,country_scope_cross_check,official_who,recorded,Archive capture timestamp for this source edition.
source_data_report_date:inrb-sitrep-024-2026-06-07,source_data_report_date,2026-06-07,,inrb-sitrep-024-2026-06-07,primary_count_endpoint,national_moh,recorded,Data/report date the source says the observation describes.
source_publication_date:inrb-sitrep-024-2026-06-07,source_publication_date,2026-06-08,,inrb-sitrep-024-2026-06-07,primary_count_endpoint,national_moh,recorded,Date the source made the observation available.
source_retrieval_date:inrb-sitrep-024-2026-06-07,source_retrieval_date,2026-06-08,2026-06-08T20:33:02Z,inrb-sitrep-024-2026-06-07,primary_count_endpoint,national_moh,recorded,Archive capture timestamp for this source edition.
source_data_report_date:who-don606-bdbv-2026-06-08,source_data_report_date,2026-06-06,,who-don606-bdbv-2026-06-08,uganda_recovered_country_scope_anchor,official_who,recorded,Data/report date the source says the observation describes.
source_publication_date:who-don606-bdbv-2026-06-08,source_publication_date,2026-06-08,,who-don606-bdbv-2026-06-08,uganda_recovered_country_scope_anchor,official_who,recorded,Date the source made the observation available.
source_retrieval_date:who-don606-bdbv-2026-06-08,source_retrieval_date,2026-06-08,2026-06-08T20:33:02Z,who-don606-bdbv-2026-06-08,uganda_recovered_country_scope_anchor,official_who,recorded,Archive capture timestamp for this source edition.
source_data_report_date:inrb-sitrep-025-2026-06-08,source_data_report_date,2026-06-08,,inrb-sitrep-025-2026-06-08,primary_count_endpoint,national_moh,recorded,Data/report date the source says the observation describes.
source_publication_date:inrb-sitrep-025-2026-06-08,source_publication_date,2026-06-09,,inrb-sitrep-025-2026-06-08,primary_count_endpoint,national_moh,recorded,Date the source made the observation available.
source_retrieval_date:inrb-sitrep-025-2026-06-08,source_retrieval_date,2026-06-10,2026-06-10T00:50:55Z,inrb-sitrep-025-2026-06-08,primary_count_endpoint,national_moh,recorded,Archive capture timestamp for this source edition.
source_data_report_date:inrb-sitrep-026-2026-06-09,source_data_report_date,2026-06-09,,inrb-sitrep-026-2026-06-09,primary_count_endpoint,national_moh,recorded,Data/report date the source says the observation describes.
source_publication_date:inrb-sitrep-026-2026-06-09,source_publication_date,2026-06-10,,inrb-sitrep-026-2026-06-09,primary_count_endpoint,national_moh,recorded,Date the source made the observation available.
source_retrieval_date:inrb-sitrep-026-2026-06-09,source_retrieval_date,2026-06-10,2026-06-10T20:37:54Z,inrb-sitrep-026-2026-06-09,primary_count_endpoint,national_moh,recorded,Archive capture timestamp for this source edition.
source_data_report_date:inrb-sitrep-027-2026-06-10,source_data_report_date,2026-06-10,,inrb-sitrep-027-2026-06-10,primary_count_endpoint,national_moh,recorded,Data/report date the source says the observation describes.
source_publication_date:inrb-sitrep-027-2026-06-10,source_publication_date,2026-06-11,,inrb-sitrep-027-2026-06-10,primary_count_endpoint,national_moh,recorded,Date the source made the observation available.
source_retrieval_date:inrb-sitrep-027-2026-06-10,source_retrieval_date,2026-06-11,2026-06-11T16:56:07Z,inrb-sitrep-027-2026-06-10,primary_count_endpoint,national_moh,recorded,Archive capture timestamp for this source edition.
source_data_report_date:inrb-umie-ebola-drc-2026-build-2026-06-11-37f84e5,source_data_report_date,2026-06-10,,inrb-umie-ebola-drc-2026-build-2026-06-11-37f84e5,primary DRC authority/partner per-zone release used for geographic confirmed-case attribution at 2026-06-10; the COD+UGA headline counts remain sourced from inrb-sitrep-027-2026-06-10 and this build's DRC-only national rollup is not promoted to a generic headline.,national_moh,recorded,Data/report date the source says the observation describes.
source_publication_date:inrb-umie-ebola-drc-2026-build-2026-06-11-37f84e5,source_publication_date,2026-06-11,,inrb-umie-ebola-drc-2026-build-2026-06-11-37f84e5,primary DRC authority/partner per-zone release used for geographic confirmed-case attribution at 2026-06-10; the COD+UGA headline counts remain sourced from inrb-sitrep-027-2026-06-10 and this build's DRC-only national rollup is not promoted to a generic headline.,national_moh,recorded,Date the source made the observation available.
source_retrieval_date:inrb-umie-ebola-drc-2026-build-2026-06-11-37f84e5,source_retrieval_date,2026-06-12,2026-06-12T17:16:17Z,inrb-umie-ebola-drc-2026-build-2026-06-11-37f84e5,primary DRC authority/partner per-zone release used for geographic confirmed-case attribution at 2026-06-10; the COD+UGA headline counts remain sourced from inrb-sitrep-027-2026-06-10 and this build's DRC-only national rollup is not promoted to a generic headline.,national_moh,recorded,Archive capture timestamp for this source edition.
source_data_report_date:inrb-sitrep-028-2026-06-11,source_data_report_date,2026-06-11,,inrb-sitrep-028-2026-06-11,primary_count_endpoint,national_moh,recorded,Data/report date the source says the observation describes.
source_publication_date:inrb-sitrep-028-2026-06-11,source_publication_date,2026-06-12,,inrb-sitrep-028-2026-06-11,primary_count_endpoint,national_moh,recorded,Date the source made the observation available.
source_retrieval_date:inrb-sitrep-028-2026-06-11,source_retrieval_date,2026-06-12,2026-06-12T20:48:38Z,inrb-sitrep-028-2026-06-11,primary_count_endpoint,national_moh,recorded,Archive capture timestamp for this source edition.
source_data_report_date:inrb-umie-ebola-drc-2026-build-2026-06-12-1dfdf1e,source_data_report_date,2026-06-11,,inrb-umie-ebola-drc-2026-build-2026-06-12-1dfdf1e,primary DRC authority/partner per-zone release used for geographic confirmed-case attribution at 2026-06-11; the COD+UGA headline counts remain sourced from inrb-sitrep-028-2026-06-11 and this build's DRC-only national rollup is not promoted to a generic headline.,national_moh,recorded,Data/report date the source says the observation describes.
source_publication_date:inrb-umie-ebola-drc-2026-build-2026-06-12-1dfdf1e,source_publication_date,2026-06-12,,inrb-umie-ebola-drc-2026-build-2026-06-12-1dfdf1e,primary DRC authority/partner per-zone release used for geographic confirmed-case attribution at 2026-06-11; the COD+UGA headline counts remain sourced from inrb-sitrep-028-2026-06-11 and this build's DRC-only national rollup is not promoted to a generic headline.,national_moh,recorded,Date the source made the observation available.
source_retrieval_date:inrb-umie-ebola-drc-2026-build-2026-06-12-1dfdf1e,source_retrieval_date,2026-06-12,2026-06-12T22:45:00Z,inrb-umie-ebola-drc-2026-build-2026-06-12-1dfdf1e,primary DRC authority/partner per-zone release used for geographic confirmed-case attribution at 2026-06-11; the COD+UGA headline counts remain sourced from inrb-sitrep-028-2026-06-11 and this build's DRC-only national rollup is not promoted to a generic headline.,national_moh,recorded,Archive capture timestamp for this source edition.
source_data_report_date:inrb-sitrep-030-2026-06-13,source_data_report_date,2026-06-13,,inrb-sitrep-030-2026-06-13,primary_count_endpoint,national_moh,recorded,Data/report date the source says the observation describes.
source_publication_date:inrb-sitrep-030-2026-06-13,source_publication_date,2026-06-14,,inrb-sitrep-030-2026-06-13,primary_count_endpoint,national_moh,recorded,Date the source made the observation available.
source_retrieval_date:inrb-sitrep-030-2026-06-13,source_retrieval_date,2026-06-14,2026-06-14T21:58:47Z,inrb-sitrep-030-2026-06-13,primary_count_endpoint,national_moh,recorded,Archive capture timestamp for this source edition.
source_data_report_date:inrb-sitrep-031-2026-06-14,source_data_report_date,2026-06-14,,inrb-sitrep-031-2026-06-14,primary_count_endpoint,national_moh,recorded,Data/report date the source says the observation describes.
source_publication_date:inrb-sitrep-031-2026-06-14,source_publication_date,2026-06-15,,inrb-sitrep-031-2026-06-14,primary_count_endpoint,national_moh,recorded,Date the source made the observation available.
source_retrieval_date:inrb-sitrep-031-2026-06-14,source_retrieval_date,2026-06-16,2026-06-16T16:00:00Z,inrb-sitrep-031-2026-06-14,primary_count_endpoint,national_moh,recorded,Archive capture timestamp for this source edition.
source_data_report_date:inrb-sitrep-032-2026-06-15,source_data_report_date,2026-06-15,,inrb-sitrep-032-2026-06-15,primary_count_endpoint,national_moh,recorded,Data/report date the source says the observation describes.
source_publication_date:inrb-sitrep-032-2026-06-15,source_publication_date,2026-06-16,,inrb-sitrep-032-2026-06-15,primary_count_endpoint,national_moh,recorded,Date the source made the observation available.
source_retrieval_date:inrb-sitrep-032-2026-06-15,source_retrieval_date,2026-06-16,2026-06-16T16:00:00Z,inrb-sitrep-032-2026-06-15,primary_count_endpoint,national_moh,recorded,Archive capture timestamp for this source edition.
source_data_report_date:inrb-sitrep-033-2026-06-16,source_data_report_date,2026-06-16,,inrb-sitrep-033-2026-06-16,primary_count_endpoint,national_moh,recorded,Data/report date the source says the observation describes.
source_publication_date:inrb-sitrep-033-2026-06-16,source_publication_date,2026-06-16,,inrb-sitrep-033-2026-06-16,primary_count_endpoint,national_moh,recorded,Date the source made the observation available.
source_retrieval_date:inrb-sitrep-033-2026-06-16,source_retrieval_date,2026-06-18,2026-06-18T12:35:00Z,inrb-sitrep-033-2026-06-16,primary_count_endpoint,national_moh,recorded,Archive capture timestamp for this source edition.
source_data_report_date:inrb-sitrep-034-2026-06-17,source_data_report_date,2026-06-17,,inrb-sitrep-034-2026-06-17,primary_count_endpoint,national_moh,recorded,Data/report date the source says the observation describes.
source_publication_date:inrb-sitrep-034-2026-06-17,source_publication_date,2026-06-18,,inrb-sitrep-034-2026-06-17,primary_count_endpoint,national_moh,recorded,Date the source made the observation available.
source_retrieval_date:inrb-sitrep-034-2026-06-17,source_retrieval_date,2026-06-19,2026-06-19T01:20:00Z,inrb-sitrep-034-2026-06-17,primary_count_endpoint,national_moh,recorded,Archive capture timestamp for this source edition.
source_data_report_date:inrb-sitrep-035-2026-06-18,source_data_report_date,2026-06-18,,inrb-sitrep-035-2026-06-18,,national_moh,recorded,Data/report date the source says the observation describes.
source_publication_date:inrb-sitrep-035-2026-06-18,source_publication_date,2026-06-20,,inrb-sitrep-035-2026-06-18,,national_moh,recorded,Date the source made the observation available.
source_retrieval_date:inrb-sitrep-035-2026-06-18,source_retrieval_date,2026-06-20,2026-06-20T13:56:50Z,inrb-sitrep-035-2026-06-18,,national_moh,recorded,Archive capture timestamp for this source edition.
source_data_report_date:inrb-umie-ebola-drc-2026-build-2026-06-19-368aa8b,source_data_report_date,2026-06-17,,inrb-umie-ebola-drc-2026-build-2026-06-19-368aa8b,primary DRC authority/partner data release for source review and publication-clock routing; DRC-only national fields are preserved as country-specific values and are not generic headline counts.,national_moh,recorded,Data/report date the source says the observation describes.
source_publication_date:inrb-umie-ebola-drc-2026-build-2026-06-19-368aa8b,source_publication_date,2026-06-19,,inrb-umie-ebola-drc-2026-build-2026-06-19-368aa8b,primary DRC authority/partner data release for source review and publication-clock routing; DRC-only national fields are preserved as country-specific values and are not generic headline counts.,national_moh,recorded,Date the source made the observation available.
source_retrieval_date:inrb-umie-ebola-drc-2026-build-2026-06-19-368aa8b,source_retrieval_date,2026-06-20,2026-06-20T13:56:50Z,inrb-umie-ebola-drc-2026-build-2026-06-19-368aa8b,primary DRC authority/partner data release for source review and publication-clock routing; DRC-only national fields are preserved as country-specific values and are not generic headline counts.,national_moh,recorded,Archive capture timestamp for this source edition.
source_data_report_date:insp-wordpress-sitrep-n035-api-wp25030-2026-06-20,source_data_report_date,2026-06-20,,insp-wordpress-sitrep-n035-api-wp25030-2026-06-20,detection_and_private_staging_only_until_reviewed_sitrep_promotion_json,national_moh,recorded,Data/report date the source says the observation describes.
source_publication_date:insp-wordpress-sitrep-n035-api-wp25030-2026-06-20,source_publication_date,2026-06-20,,insp-wordpress-sitrep-n035-api-wp25030-2026-06-20,detection_and_private_staging_only_until_reviewed_sitrep_promotion_json,national_moh,recorded,Date the source made the observation available.
source_retrieval_date:insp-wordpress-sitrep-n035-api-wp25030-2026-06-20,source_retrieval_date,2026-06-20,2026-06-20T13:56:50Z,insp-wordpress-sitrep-n035-api-wp25030-2026-06-20,detection_and_private_staging_only_until_reviewed_sitrep_promotion_json,national_moh,recorded,Archive capture timestamp for this source edition.
source_data_report_date:insp-wordpress-sitrep-n035-pdf-media25031-2026-06-20,source_data_report_date,2026-06-20,,insp-wordpress-sitrep-n035-pdf-media25031-2026-06-20,detection_and_private_staging_only_until_reviewed_sitrep_promotion_json,national_moh,recorded,Data/report date the source says the observation describes.
source_publication_date:insp-wordpress-sitrep-n035-pdf-media25031-2026-06-20,source_publication_date,2026-06-20,,insp-wordpress-sitrep-n035-pdf-media25031-2026-06-20,detection_and_private_staging_only_until_reviewed_sitrep_promotion_json,national_moh,recorded,Date the source made the observation available.
source_retrieval_date:insp-wordpress-sitrep-n035-pdf-media25031-2026-06-20,source_retrieval_date,2026-06-20,2026-06-20T13:56:50Z,insp-wordpress-sitrep-n035-pdf-media25031-2026-06-20,detection_and_private_staging_only_until_reviewed_sitrep_promotion_json,national_moh,recorded,Archive capture timestamp for this source edition.
source_data_report_date:inrb-sitrep-036-2026-06-19,source_data_report_date,2026-06-19,,inrb-sitrep-036-2026-06-19,reviewed_sitrep_promotion_json; primary DRC authority count source for SitRep 36; country-scope composition uses separately cited Uganda dashboard anchor.,national_moh,recorded,Data/report date the source says the observation describes.
source_publication_date:inrb-sitrep-036-2026-06-19,source_publication_date,2026-06-20,,inrb-sitrep-036-2026-06-19,reviewed_sitrep_promotion_json; primary DRC authority count source for SitRep 36; country-scope composition uses separately cited Uganda dashboard anchor.,national_moh,recorded,Date the source made the observation available.
source_retrieval_date:inrb-sitrep-036-2026-06-19,source_retrieval_date,2026-06-20,2026-06-20T21:55:00Z,inrb-sitrep-036-2026-06-19,reviewed_sitrep_promotion_json; primary DRC authority count source for SitRep 36; country-scope composition uses separately cited Uganda dashboard anchor.,national_moh,recorded,Archive capture timestamp for this source edition.
source_data_report_date:uganda-moh-ebola-update-2026-06-20,source_data_report_date,2026-06-20,,uganda-moh-ebola-update-2026-06-20,uganda_country_scope_anchor,national_moh,recorded,Data/report date the source says the observation describes.
source_publication_date:uganda-moh-ebola-update-2026-06-20,source_publication_date,2026-06-20,,uganda-moh-ebola-update-2026-06-20,uganda_country_scope_anchor,national_moh,recorded,Date the source made the observation available.
source_retrieval_date:uganda-moh-ebola-update-2026-06-20,source_retrieval_date,2026-06-20,2026-06-20T21:55:00Z,uganda-moh-ebola-update-2026-06-20,uganda_country_scope_anchor,national_moh,recorded,Archive capture timestamp for this source edition.
source_data_report_date:inrb-sitrep-037-2026-06-20,source_data_report_date,2026-06-20,,inrb-sitrep-037-2026-06-20,reviewed_sitrep_promotion_json; primary DRC authority count source for SitRep 37; country-scope composition uses separately cited Uganda dashboard anchor.,national_moh,recorded,Data/report date the source says the observation describes.
source_publication_date:inrb-sitrep-037-2026-06-20,source_publication_date,2026-06-22,,inrb-sitrep-037-2026-06-20,reviewed_sitrep_promotion_json; primary DRC authority count source for SitRep 37; country-scope composition uses separately cited Uganda dashboard anchor.,national_moh,recorded,Date the source made the observation available.
source_retrieval_date:inrb-sitrep-037-2026-06-20,source_retrieval_date,2026-06-22,2026-06-22T14:57:09Z,inrb-sitrep-037-2026-06-20,reviewed_sitrep_promotion_json; primary DRC authority count source for SitRep 37; country-scope composition uses separately cited Uganda dashboard anchor.,national_moh,recorded,Archive capture timestamp for this source edition.
source_data_report_date:insp-wordpress-sitrep-n037-api-wp25037-2026-06-22,source_data_report_date,2026-06-22,,insp-wordpress-sitrep-n037-api-wp25037-2026-06-22,detection_and_private_staging_only_until_reviewed_sitrep_promotion_json,national_moh,recorded,Data/report date the source says the observation describes.
source_publication_date:insp-wordpress-sitrep-n037-api-wp25037-2026-06-22,source_publication_date,2026-06-22,,insp-wordpress-sitrep-n037-api-wp25037-2026-06-22,detection_and_private_staging_only_until_reviewed_sitrep_promotion_json,national_moh,recorded,Date the source made the observation available.
source_retrieval_date:insp-wordpress-sitrep-n037-api-wp25037-2026-06-22,source_retrieval_date,2026-06-22,2026-06-22T14:57:09Z,insp-wordpress-sitrep-n037-api-wp25037-2026-06-22,detection_and_private_staging_only_until_reviewed_sitrep_promotion_json,national_moh,recorded,Archive capture timestamp for this source edition.
source_data_report_date:inrb-sitrep-038-2026-06-21,source_data_report_date,2026-06-21,,inrb-sitrep-038-2026-06-21,reviewed_sitrep_promotion_json; primary DRC authority count source for SitRep 38; country-scope composition uses separately cited Uganda dashboard anchor.,national_moh,recorded,Data/report date the source says the observation describes.
source_publication_date:inrb-sitrep-038-2026-06-21,source_publication_date,2026-06-22,,inrb-sitrep-038-2026-06-21,reviewed_sitrep_promotion_json; primary DRC authority count source for SitRep 38; country-scope composition uses separately cited Uganda dashboard anchor.,national_moh,recorded,Date the source made the observation available.
source_retrieval_date:inrb-sitrep-038-2026-06-21,source_retrieval_date,2026-06-23,2026-06-23T03:20:00Z,inrb-sitrep-038-2026-06-21,reviewed_sitrep_promotion_json; primary DRC authority count source for SitRep 38; country-scope composition uses separately cited Uganda dashboard anchor.,national_moh,recorded,Archive capture timestamp for this source edition.
source_data_report_date:uganda-moh-ebola-update-2026-06-21,source_data_report_date,2026-06-21,,uganda-moh-ebola-update-2026-06-21,uganda_country_scope_anchor,national_moh,recorded,Data/report date the source says the observation describes.
source_publication_date:uganda-moh-ebola-update-2026-06-21,source_publication_date,2026-06-21,,uganda-moh-ebola-update-2026-06-21,uganda_country_scope_anchor,national_moh,recorded,Date the source made the observation available.
source_retrieval_date:uganda-moh-ebola-update-2026-06-21,source_retrieval_date,2026-06-23,2026-06-23T03:50:00Z,uganda-moh-ebola-update-2026-06-21,uganda_country_scope_anchor,national_moh,recorded,Archive capture timestamp for this source edition.
source_data_report_date:inrb-sitrep-039-2026-06-22,source_data_report_date,2026-06-22,,inrb-sitrep-039-2026-06-22,reviewed_sitrep_promotion_json; primary DRC authority count source for SitRep 39; country-scope composition uses separately cited Uganda dashboard anchor.,national_moh,recorded,Data/report date the source says the observation describes.
source_publication_date:inrb-sitrep-039-2026-06-22,source_publication_date,2026-06-23,,inrb-sitrep-039-2026-06-22,reviewed_sitrep_promotion_json; primary DRC authority count source for SitRep 39; country-scope composition uses separately cited Uganda dashboard anchor.,national_moh,recorded,Date the source made the observation available.
source_retrieval_date:inrb-sitrep-039-2026-06-22,source_retrieval_date,2026-06-23,2026-06-23T22:30:00Z,inrb-sitrep-039-2026-06-22,reviewed_sitrep_promotion_json; primary DRC authority count source for SitRep 39; country-scope composition uses separately cited Uganda dashboard anchor.,national_moh,recorded,Archive capture timestamp for this source edition.
source_data_report_date:inrb-sitrep-040-2026-06-23,source_data_report_date,2026-06-23,,inrb-sitrep-040-2026-06-23,reviewed_sitrep_promotion_json; primary DRC authority count source for SitRep 40; country-scope composition uses separately cited Uganda dashboard anchor.,national_moh,recorded,Data/report date the source says the observation describes.
source_publication_date:inrb-sitrep-040-2026-06-23,source_publication_date,2026-06-24,,inrb-sitrep-040-2026-06-23,reviewed_sitrep_promotion_json; primary DRC authority count source for SitRep 40; country-scope composition uses separately cited Uganda dashboard anchor.,national_moh,recorded,Date the source made the observation available.
source_retrieval_date:inrb-sitrep-040-2026-06-23,source_retrieval_date,2026-06-25,2026-06-25T13:20:00Z,inrb-sitrep-040-2026-06-23,reviewed_sitrep_promotion_json; primary DRC authority count source for SitRep 40; country-scope composition uses separately cited Uganda dashboard anchor.,national_moh,recorded,Archive capture timestamp for this source edition.
source_data_report_date:inrb-sitrep-041-2026-06-24,source_data_report_date,2026-06-24,,inrb-sitrep-041-2026-06-24,reviewed_sitrep_promotion_json; primary DRC authority count source for SitRep 41; country-scope composition uses separately cited Uganda dashboard anchor.,national_moh,recorded,Data/report date the source says the observation describes.
source_publication_date:inrb-sitrep-041-2026-06-24,source_publication_date,2026-06-25,,inrb-sitrep-041-2026-06-24,reviewed_sitrep_promotion_json; primary DRC authority count source for SitRep 41; country-scope composition uses separately cited Uganda dashboard anchor.,national_moh,recorded,Date the source made the observation available.
source_retrieval_date:inrb-sitrep-041-2026-06-24,source_retrieval_date,2026-06-26,2026-06-26T01:30:00Z,inrb-sitrep-041-2026-06-24,reviewed_sitrep_promotion_json; primary DRC authority count source for SitRep 41; country-scope composition uses separately cited Uganda dashboard anchor.,national_moh,recorded,Archive capture timestamp for this source edition.
source_data_report_date:inrb-sitrep-042-2026-06-25,source_data_report_date,2026-06-25,,inrb-sitrep-042-2026-06-25,reviewed_sitrep_promotion_json; primary DRC authority count source for SitRep 42; country-scope composition uses separately cited Uganda dashboard anchor.,national_moh,recorded,Data/report date the source says the observation describes.
source_publication_date:inrb-sitrep-042-2026-06-25,source_publication_date,2026-06-26,,inrb-sitrep-042-2026-06-25,reviewed_sitrep_promotion_json; primary DRC authority count source for SitRep 42; country-scope composition uses separately cited Uganda dashboard anchor.,national_moh,recorded,Date the source made the observation available.
source_retrieval_date:inrb-sitrep-042-2026-06-25,source_retrieval_date,2026-06-26,2026-06-26T17:05:04Z,inrb-sitrep-042-2026-06-25,reviewed_sitrep_promotion_json; primary DRC authority count source for SitRep 42; country-scope composition uses separately cited Uganda dashboard anchor.,national_moh,recorded,Archive capture timestamp for this source edition.
source_data_report_date:inrb-sitrep-044-2026-06-27,source_data_report_date,2026-06-27,,inrb-sitrep-044-2026-06-27,reviewed_sitrep_promotion_json; primary DRC authority count source for SitRep 44; country-scope composition uses separately cited Uganda dashboard anchor.,national_moh,recorded,Data/report date the source says the observation describes.
source_publication_date:inrb-sitrep-044-2026-06-27,source_publication_date,2026-06-28,,inrb-sitrep-044-2026-06-27,reviewed_sitrep_promotion_json; primary DRC authority count source for SitRep 44; country-scope composition uses separately cited Uganda dashboard anchor.,national_moh,recorded,Date the source made the observation available.
source_retrieval_date:inrb-sitrep-044-2026-06-27,source_retrieval_date,2026-06-28,2026-06-28T23:06:36Z,inrb-sitrep-044-2026-06-27,reviewed_sitrep_promotion_json; primary DRC authority count source for SitRep 44; country-scope composition uses separately cited Uganda dashboard anchor.,national_moh,recorded,Archive capture timestamp for this source edition.
source_data_report_date:inrb-sitrep-046-2026-06-29,source_data_report_date,2026-06-29,,inrb-sitrep-046-2026-06-29,reviewed_sitrep_promotion_json; primary DRC authority count source for SitRep 46; country-scope composition uses separately cited Uganda dashboard anchor.,national_moh,recorded,Data/report date the source says the observation describes.
source_publication_date:inrb-sitrep-046-2026-06-29,source_publication_date,2026-07-01,,inrb-sitrep-046-2026-06-29,reviewed_sitrep_promotion_json; primary DRC authority count source for SitRep 46; country-scope composition uses separately cited Uganda dashboard anchor.,national_moh,recorded,Date the source made the observation available.
source_retrieval_date:inrb-sitrep-046-2026-06-29,source_retrieval_date,2026-07-02,2026-07-02T13:13:04Z,inrb-sitrep-046-2026-06-29,reviewed_sitrep_promotion_json; primary DRC authority count source for SitRep 46; country-scope composition uses separately cited Uganda dashboard anchor.,national_moh,recorded,Archive capture timestamp for this source edition.
source_data_report_date:inrb-sitrep-047-2026-06-30,source_data_report_date,2026-06-30,,inrb-sitrep-047-2026-06-30,reviewed_sitrep_promotion_json; primary DRC authority count source for SitRep 47; country-scope composition uses separately cited Uganda dashboard anchor.,national_moh,recorded,Data/report date the source says the observation describes.
source_publication_date:inrb-sitrep-047-2026-06-30,source_publication_date,2026-07-02,,inrb-sitrep-047-2026-06-30,reviewed_sitrep_promotion_json; primary DRC authority count source for SitRep 47; country-scope composition uses separately cited Uganda dashboard anchor.,national_moh,recorded,Date the source made the observation available.
source_retrieval_date:inrb-sitrep-047-2026-06-30,source_retrieval_date,2026-07-02,2026-07-02T13:27:19Z,inrb-sitrep-047-2026-06-30,reviewed_sitrep_promotion_json; primary DRC authority count source for SitRep 47; country-scope composition uses separately cited Uganda dashboard anchor.,national_moh,recorded,Archive capture timestamp for this source edition.
source_data_report_date:inrb-sitrep-048-2026-07-01,source_data_report_date,2026-07-01,,inrb-sitrep-048-2026-07-01,reviewed_sitrep_promotion_json; primary DRC authority count source for SitRep 48; country-scope composition uses separately cited Uganda dashboard anchor.,national_moh,recorded,Data/report date the source says the observation describes.
source_publication_date:inrb-sitrep-048-2026-07-01,source_publication_date,2026-07-03,,inrb-sitrep-048-2026-07-01,reviewed_sitrep_promotion_json; primary DRC authority count source for SitRep 48; country-scope composition uses separately cited Uganda dashboard anchor.,national_moh,recorded,Date the source made the observation available.
source_retrieval_date:inrb-sitrep-048-2026-07-01,source_retrieval_date,2026-07-03,2026-07-03T12:00:00Z,inrb-sitrep-048-2026-07-01,reviewed_sitrep_promotion_json; primary DRC authority count source for SitRep 48; country-scope composition uses separately cited Uganda dashboard anchor.,national_moh,recorded,Archive capture timestamp for this source edition.
