row_id,date,metric,value,unit,source_id,evidence_ref,source_url,archive_sha256,license,note
timeline:who-don602-2026-05-15-live:cases_confirmed,2026-05-15,confirmed_cases,4,count,who-don602-2026-05-15-live,source_manifest:who-don602-2026-05-15-live,https://www.who.int/emergencies/disease-outbreak-news/item/2026-DON602,8b7fb1e1c8403b7a6015c804a3cd818c04b649ca23d791fe957e59119818218f,CC-BY-NC-SA-3.0-IGO,
timeline:who-don602-2026-05-15-live:deaths,2026-05-15,deaths,80,count,who-don602-2026-05-15-live,source_manifest:who-don602-2026-05-15-live,https://www.who.int/emergencies/disease-outbreak-news/item/2026-DON602,8b7fb1e1c8403b7a6015c804a3cd818c04b649ca23d791fe957e59119818218f,CC-BY-NC-SA-3.0-IGO,
timeline:who-don602-2026-05-15-live:cases_suspected,2026-05-15,suspected_cases,246,count,who-don602-2026-05-15-live,source_manifest:who-don602-2026-05-15-live,https://www.who.int/emergencies/disease-outbreak-news/item/2026-DON602,8b7fb1e1c8403b7a6015c804a3cd818c04b649ca23d791fe957e59119818218f,CC-BY-NC-SA-3.0-IGO,
timeline:who-pheic-2026-05-17-live:cases_confirmed,2026-05-17,confirmed_cases,10,count,who-pheic-2026-05-17-live,source_manifest:who-pheic-2026-05-17-live,https://www.who.int/news/item/17-05-2026-epidemic-of-ebola-disease-in-the-democratic-republic-of-the-congo-and-uganda-determined-a-public-health-emergency-of-international-concern,e1f8ea89d80de061e8f79bb8e60d96bd98d68ddf676bad9ef03469adf536dd51,CC-BY-NC-SA-3.0-IGO,WHO PHEIC reports 8 Ituri + 2 Kampala; Kinshasa case tested negative and is not counted.
timeline:who-pheic-2026-05-17-live:deaths,2026-05-17,deaths,80,count,who-pheic-2026-05-17-live,source_manifest:who-pheic-2026-05-17-live,https://www.who.int/news/item/17-05-2026-epidemic-of-ebola-disease-in-the-democratic-republic-of-the-congo-and-uganda-determined-a-public-health-emergency-of-international-concern,e1f8ea89d80de061e8f79bb8e60d96bd98d68ddf676bad9ef03469adf536dd51,CC-BY-NC-SA-3.0-IGO,
timeline:who-pheic-2026-05-17-live:cases_suspected,2026-05-17,suspected_cases,246,count,who-pheic-2026-05-17-live,source_manifest:who-pheic-2026-05-17-live,https://www.who.int/news/item/17-05-2026-epidemic-of-ebola-disease-in-the-democratic-republic-of-the-congo-and-uganda-determined-a-public-health-emergency-of-international-concern,e1f8ea89d80de061e8f79bb8e60d96bd98d68ddf676bad9ef03469adf536dd51,CC-BY-NC-SA-3.0-IGO,
timeline:imperial-mrc-gida-bdbv-2026-05-18-pdf-live:cfr_central,2026-05-18,cfr_central,0.3,count,imperial-mrc-gida-bdbv-2026-05-18-pdf-live,source_manifest:imperial-mrc-gida-bdbv-2026-05-18-pdf-live,https://www.imperial.ac.uk/mrc-global-infectious-disease-analysis/research-themes/preparedness-and-response-to-emerging-threats/report-ebola-18-05-2026/,750edd9df5e4ec714d9c6557f4e1f1fc06f5cedddfbc10eddcae6a762bd068ea,CC-BY-NC-ND-4.0,
timeline:africa-cdc-phecs-2026-05-18-live:cases_confirmed_uga,2026-05-18,confirmed_cases,2,count,africa-cdc-phecs-2026-05-18-live,source_manifest:africa-cdc-phecs-2026-05-18-live,https://africacdc.org/news-item/africa-cdc-declares-the-ongoing-bundibugyo-ebola-outbreak-a-public-health-emergency-of-continental-security/,4efa5e02df04e766353f9af62e6f87a1fca21936aa287772bae5ba5932e20c8b,publisher-terms-not-confirmed,
timeline:afro-sitrep-01-pdf-2026-05-18-live:affected_health_zones.bunia.confirmed,2026-05-18,confirmed_cases,6,count,afro-sitrep-01-pdf-2026-05-18-live,source_manifest:afro-sitrep-01-pdf-2026-05-18-live,https://www.afro.who.int/countries/democratic-republic-of-congo/publication/ebola-bundibugyo-virus-disease-outbreak-democratic-republic-congo-uganda-weekly-external-situation,b43fc698bf2407323c6d6af25a3679eccdd2d68b3effc61a7563e6ef977366ba,CC-BY-NC-SA-3.0-IGO,
timeline:afro-sitrep-01-pdf-2026-05-18-live:affected_health_zones.butembo.confirmed,2026-05-18,confirmed_cases,1,count,afro-sitrep-01-pdf-2026-05-18-live,source_manifest:afro-sitrep-01-pdf-2026-05-18-live,https://www.afro.who.int/countries/democratic-republic-of-congo/publication/ebola-bundibugyo-virus-disease-outbreak-democratic-republic-congo-uganda-weekly-external-situation,b43fc698bf2407323c6d6af25a3679eccdd2d68b3effc61a7563e6ef977366ba,CC-BY-NC-SA-3.0-IGO,
timeline:afro-sitrep-01-pdf-2026-05-18-live:affected_health_zones.goma.confirmed,2026-05-18,confirmed_cases,1,count,afro-sitrep-01-pdf-2026-05-18-live,source_manifest:afro-sitrep-01-pdf-2026-05-18-live,https://www.afro.who.int/countries/democratic-republic-of-congo/publication/ebola-bundibugyo-virus-disease-outbreak-democratic-republic-congo-uganda-weekly-external-situation,b43fc698bf2407323c6d6af25a3679eccdd2d68b3effc61a7563e6ef977366ba,CC-BY-NC-SA-3.0-IGO,
timeline:afro-sitrep-01-pdf-2026-05-18-live:affected_health_zones.katwa.confirmed,2026-05-18,confirmed_cases,1,count,afro-sitrep-01-pdf-2026-05-18-live,source_manifest:afro-sitrep-01-pdf-2026-05-18-live,https://www.afro.who.int/countries/democratic-republic-of-congo/publication/ebola-bundibugyo-virus-disease-outbreak-democratic-republic-congo-uganda-weekly-external-situation,b43fc698bf2407323c6d6af25a3679eccdd2d68b3effc61a7563e6ef977366ba,CC-BY-NC-SA-3.0-IGO,
timeline:afro-sitrep-01-pdf-2026-05-18-live:affected_health_zones.mongbwalu.confirmed,2026-05-18,confirmed_cases,1,count,afro-sitrep-01-pdf-2026-05-18-live,source_manifest:afro-sitrep-01-pdf-2026-05-18-live,https://www.afro.who.int/countries/democratic-republic-of-congo/publication/ebola-bundibugyo-virus-disease-outbreak-democratic-republic-congo-uganda-weekly-external-situation,b43fc698bf2407323c6d6af25a3679eccdd2d68b3effc61a7563e6ef977366ba,CC-BY-NC-SA-3.0-IGO,
timeline:afro-sitrep-01-pdf-2026-05-18-live:affected_health_zones.nyankunde.confirmed,2026-05-18,confirmed_cases,4,count,afro-sitrep-01-pdf-2026-05-18-live,source_manifest:afro-sitrep-01-pdf-2026-05-18-live,https://www.afro.who.int/countries/democratic-republic-of-congo/publication/ebola-bundibugyo-virus-disease-outbreak-democratic-republic-congo-uganda-weekly-external-situation,b43fc698bf2407323c6d6af25a3679eccdd2d68b3effc61a7563e6ef977366ba,CC-BY-NC-SA-3.0-IGO,
timeline:afro-sitrep-01-pdf-2026-05-18-live:affected_health_zones.rwampara.confirmed,2026-05-18,confirmed_cases,19,count,afro-sitrep-01-pdf-2026-05-18-live,source_manifest:afro-sitrep-01-pdf-2026-05-18-live,https://www.afro.who.int/countries/democratic-republic-of-congo/publication/ebola-bundibugyo-virus-disease-outbreak-democratic-republic-congo-uganda-weekly-external-situation,b43fc698bf2407323c6d6af25a3679eccdd2d68b3effc61a7563e6ef977366ba,CC-BY-NC-SA-3.0-IGO,
timeline:afro-sitrep-01-pdf-2026-05-18-live:cases_confirmed,2026-05-18,confirmed_cases,33,count,afro-sitrep-01-pdf-2026-05-18-live,source_manifest:afro-sitrep-01-pdf-2026-05-18-live,https://www.afro.who.int/countries/democratic-republic-of-congo/publication/ebola-bundibugyo-virus-disease-outbreak-democratic-republic-congo-uganda-weekly-external-situation,b43fc698bf2407323c6d6af25a3679eccdd2d68b3effc61a7563e6ef977366ba,CC-BY-NC-SA-3.0-IGO,
timeline:afro-sitrep-01-pdf-2026-05-18-live:cases_confirmed_uganda,2026-05-18,confirmed_cases,2,count,afro-sitrep-01-pdf-2026-05-18-live,source_manifest:afro-sitrep-01-pdf-2026-05-18-live,https://www.afro.who.int/countries/democratic-republic-of-congo/publication/ebola-bundibugyo-virus-disease-outbreak-democratic-republic-congo-uganda-weekly-external-situation,b43fc698bf2407323c6d6af25a3679eccdd2d68b3effc61a7563e6ef977366ba,CC-BY-NC-SA-3.0-IGO,
timeline:afro-sitrep-01-pdf-2026-05-18-live:grand_total_confirmed,2026-05-18,confirmed_cases,35,count,afro-sitrep-01-pdf-2026-05-18-live,source_manifest:afro-sitrep-01-pdf-2026-05-18-live,https://www.afro.who.int/countries/democratic-republic-of-congo/publication/ebola-bundibugyo-virus-disease-outbreak-democratic-republic-congo-uganda-weekly-external-situation,b43fc698bf2407323c6d6af25a3679eccdd2d68b3effc61a7563e6ef977366ba,CC-BY-NC-SA-3.0-IGO,
timeline:afro-sitrep-01-pdf-2026-05-18-live:contacts.drc,2026-05-18,contacts_drc,541,count,afro-sitrep-01-pdf-2026-05-18-live,source_manifest:afro-sitrep-01-pdf-2026-05-18-live,https://www.afro.who.int/countries/democratic-republic-of-congo/publication/ebola-bundibugyo-virus-disease-outbreak-democratic-republic-congo-uganda-weekly-external-situation,b43fc698bf2407323c6d6af25a3679eccdd2d68b3effc61a7563e6ef977366ba,CC-BY-NC-SA-3.0-IGO,
timeline:afro-sitrep-01-pdf-2026-05-18-live:contacts.total,2026-05-18,contacts_total,668,count,afro-sitrep-01-pdf-2026-05-18-live,source_manifest:afro-sitrep-01-pdf-2026-05-18-live,https://www.afro.who.int/countries/democratic-republic-of-congo/publication/ebola-bundibugyo-virus-disease-outbreak-democratic-republic-congo-uganda-weekly-external-situation,b43fc698bf2407323c6d6af25a3679eccdd2d68b3effc61a7563e6ef977366ba,CC-BY-NC-SA-3.0-IGO,
timeline:afro-sitrep-01-pdf-2026-05-18-live:contacts.uganda,2026-05-18,contacts_uganda,127,count,afro-sitrep-01-pdf-2026-05-18-live,source_manifest:afro-sitrep-01-pdf-2026-05-18-live,https://www.afro.who.int/countries/democratic-republic-of-congo/publication/ebola-bundibugyo-virus-disease-outbreak-democratic-republic-congo-uganda-weekly-external-situation,b43fc698bf2407323c6d6af25a3679eccdd2d68b3effc61a7563e6ef977366ba,CC-BY-NC-SA-3.0-IGO,
timeline:africa-cdc-phecs-2026-05-18-live:deaths_approx,2026-05-18,deaths,106,count,africa-cdc-phecs-2026-05-18-live,source_manifest:africa-cdc-phecs-2026-05-18-live,https://africacdc.org/news-item/africa-cdc-declares-the-ongoing-bundibugyo-ebola-outbreak-a-public-health-emergency-of-continental-security/,4efa5e02df04e766353f9af62e6f87a1fca21936aa287772bae5ba5932e20c8b,publisher-terms-not-confirmed,
timeline:africa-cdc-phecs-2026-05-18-live:deaths_uga,2026-05-18,deaths,1,count,africa-cdc-phecs-2026-05-18-live,source_manifest:africa-cdc-phecs-2026-05-18-live,https://africacdc.org/news-item/africa-cdc-declares-the-ongoing-bundibugyo-ebola-outbreak-a-public-health-emergency-of-continental-security/,4efa5e02df04e766353f9af62e6f87a1fca21936aa287772bae5ba5932e20c8b,publisher-terms-not-confirmed,
timeline:afro-sitrep-01-pdf-2026-05-18-live:affected_health_zones.bunia.deaths,2026-05-18,deaths,18,count,afro-sitrep-01-pdf-2026-05-18-live,source_manifest:afro-sitrep-01-pdf-2026-05-18-live,https://www.afro.who.int/countries/democratic-republic-of-congo/publication/ebola-bundibugyo-virus-disease-outbreak-democratic-republic-congo-uganda-weekly-external-situation,b43fc698bf2407323c6d6af25a3679eccdd2d68b3effc61a7563e6ef977366ba,CC-BY-NC-SA-3.0-IGO,
timeline:afro-sitrep-01-pdf-2026-05-18-live:affected_health_zones.butembo.deaths,2026-05-18,deaths,0,count,afro-sitrep-01-pdf-2026-05-18-live,source_manifest:afro-sitrep-01-pdf-2026-05-18-live,https://www.afro.who.int/countries/democratic-republic-of-congo/publication/ebola-bundibugyo-virus-disease-outbreak-democratic-republic-congo-uganda-weekly-external-situation,b43fc698bf2407323c6d6af25a3679eccdd2d68b3effc61a7563e6ef977366ba,CC-BY-NC-SA-3.0-IGO,
timeline:afro-sitrep-01-pdf-2026-05-18-live:affected_health_zones.goma.deaths,2026-05-18,deaths,0,count,afro-sitrep-01-pdf-2026-05-18-live,source_manifest:afro-sitrep-01-pdf-2026-05-18-live,https://www.afro.who.int/countries/democratic-republic-of-congo/publication/ebola-bundibugyo-virus-disease-outbreak-democratic-republic-congo-uganda-weekly-external-situation,b43fc698bf2407323c6d6af25a3679eccdd2d68b3effc61a7563e6ef977366ba,CC-BY-NC-SA-3.0-IGO,
timeline:afro-sitrep-01-pdf-2026-05-18-live:affected_health_zones.katwa.deaths,2026-05-18,deaths,0,count,afro-sitrep-01-pdf-2026-05-18-live,source_manifest:afro-sitrep-01-pdf-2026-05-18-live,https://www.afro.who.int/countries/democratic-republic-of-congo/publication/ebola-bundibugyo-virus-disease-outbreak-democratic-republic-congo-uganda-weekly-external-situation,b43fc698bf2407323c6d6af25a3679eccdd2d68b3effc61a7563e6ef977366ba,CC-BY-NC-SA-3.0-IGO,
timeline:afro-sitrep-01-pdf-2026-05-18-live:affected_health_zones.mongbwalu.deaths,2026-05-18,deaths,74,count,afro-sitrep-01-pdf-2026-05-18-live,source_manifest:afro-sitrep-01-pdf-2026-05-18-live,https://www.afro.who.int/countries/democratic-republic-of-congo/publication/ebola-bundibugyo-virus-disease-outbreak-democratic-republic-congo-uganda-weekly-external-situation,b43fc698bf2407323c6d6af25a3679eccdd2d68b3effc61a7563e6ef977366ba,CC-BY-NC-SA-3.0-IGO,
timeline:afro-sitrep-01-pdf-2026-05-18-live:affected_health_zones.nyankunde.deaths,2026-05-18,deaths,1,count,afro-sitrep-01-pdf-2026-05-18-live,source_manifest:afro-sitrep-01-pdf-2026-05-18-live,https://www.afro.who.int/countries/democratic-republic-of-congo/publication/ebola-bundibugyo-virus-disease-outbreak-democratic-republic-congo-uganda-weekly-external-situation,b43fc698bf2407323c6d6af25a3679eccdd2d68b3effc61a7563e6ef977366ba,CC-BY-NC-SA-3.0-IGO,
timeline:afro-sitrep-01-pdf-2026-05-18-live:affected_health_zones.rwampara.deaths,2026-05-18,deaths,38,count,afro-sitrep-01-pdf-2026-05-18-live,source_manifest:afro-sitrep-01-pdf-2026-05-18-live,https://www.afro.who.int/countries/democratic-republic-of-congo/publication/ebola-bundibugyo-virus-disease-outbreak-democratic-republic-congo-uganda-weekly-external-situation,b43fc698bf2407323c6d6af25a3679eccdd2d68b3effc61a7563e6ef977366ba,CC-BY-NC-SA-3.0-IGO,
timeline:afro-sitrep-01-pdf-2026-05-18-live:deaths_confirmed,2026-05-18,deaths,4,count,afro-sitrep-01-pdf-2026-05-18-live,source_manifest:afro-sitrep-01-pdf-2026-05-18-live,https://www.afro.who.int/countries/democratic-republic-of-congo/publication/ebola-bundibugyo-virus-disease-outbreak-democratic-republic-congo-uganda-weekly-external-situation,b43fc698bf2407323c6d6af25a3679eccdd2d68b3effc61a7563e6ef977366ba,CC-BY-NC-SA-3.0-IGO,
timeline:afro-sitrep-01-pdf-2026-05-18-live:deaths_confirmed_uganda,2026-05-18,deaths,1,count,afro-sitrep-01-pdf-2026-05-18-live,source_manifest:afro-sitrep-01-pdf-2026-05-18-live,https://www.afro.who.int/countries/democratic-republic-of-congo/publication/ebola-bundibugyo-virus-disease-outbreak-democratic-republic-congo-uganda-weekly-external-situation,b43fc698bf2407323c6d6af25a3679eccdd2d68b3effc61a7563e6ef977366ba,CC-BY-NC-SA-3.0-IGO,
timeline:afro-sitrep-01-pdf-2026-05-18-live:deaths_suspected,2026-05-18,deaths,131,count,afro-sitrep-01-pdf-2026-05-18-live,source_manifest:afro-sitrep-01-pdf-2026-05-18-live,https://www.afro.who.int/countries/democratic-republic-of-congo/publication/ebola-bundibugyo-virus-disease-outbreak-democratic-republic-congo-uganda-weekly-external-situation,b43fc698bf2407323c6d6af25a3679eccdd2d68b3effc61a7563e6ef977366ba,CC-BY-NC-SA-3.0-IGO,
timeline:imperial-mrc-gida-bdbv-2026-05-18-pdf-live:deaths_used,2026-05-18,deaths,88,count,imperial-mrc-gida-bdbv-2026-05-18-pdf-live,source_manifest:imperial-mrc-gida-bdbv-2026-05-18-pdf-live,https://www.imperial.ac.uk/mrc-global-infectious-disease-analysis/research-themes/preparedness-and-response-to-emerging-threats/report-ebola-18-05-2026/,750edd9df5e4ec714d9c6557f4e1f1fc06f5cedddfbc10eddcae6a762bd068ea,CC-BY-NC-ND-4.0,
timeline:imperial-mrc-gida-bdbv-2026-05-18:officially_reported_at_that_date,2026-05-18,officially_reported_at_that_date,336,count,imperial-mrc-gida-bdbv-2026-05-18,source_manifest:imperial-mrc-gida-bdbv-2026-05-18,https://www.imperial.ac.uk/mrc-global-infectious-disease-analysis/research-themes/preparedness-and-response-to-emerging-threats/report-ebola-18-05-2026/,647610bf3450407ec3313e2a17642b0ee9cbec7f14c72665318993f06acaf8b4,CC-BY-NC-ND-4.0,
timeline:africa-cdc-phecs-2026-05-18-live:cases_suspected_drc_approx,2026-05-18,suspected_cases,395,count,africa-cdc-phecs-2026-05-18-live,source_manifest:africa-cdc-phecs-2026-05-18-live,https://africacdc.org/news-item/africa-cdc-declares-the-ongoing-bundibugyo-ebola-outbreak-a-public-health-emergency-of-continental-security/,4efa5e02df04e766353f9af62e6f87a1fca21936aa287772bae5ba5932e20c8b,publisher-terms-not-confirmed,
timeline:afro-sitrep-01-pdf-2026-05-18-live:affected_health_zones.bunia.suspected,2026-05-18,suspected_cases,61,count,afro-sitrep-01-pdf-2026-05-18-live,source_manifest:afro-sitrep-01-pdf-2026-05-18-live,https://www.afro.who.int/countries/democratic-republic-of-congo/publication/ebola-bundibugyo-virus-disease-outbreak-democratic-republic-congo-uganda-weekly-external-situation,b43fc698bf2407323c6d6af25a3679eccdd2d68b3effc61a7563e6ef977366ba,CC-BY-NC-SA-3.0-IGO,
timeline:afro-sitrep-01-pdf-2026-05-18-live:affected_health_zones.butembo.suspected,2026-05-18,suspected_cases,1,count,afro-sitrep-01-pdf-2026-05-18-live,source_manifest:afro-sitrep-01-pdf-2026-05-18-live,https://www.afro.who.int/countries/democratic-republic-of-congo/publication/ebola-bundibugyo-virus-disease-outbreak-democratic-republic-congo-uganda-weekly-external-situation,b43fc698bf2407323c6d6af25a3679eccdd2d68b3effc61a7563e6ef977366ba,CC-BY-NC-SA-3.0-IGO,
timeline:afro-sitrep-01-pdf-2026-05-18-live:affected_health_zones.goma.suspected,2026-05-18,suspected_cases,1,count,afro-sitrep-01-pdf-2026-05-18-live,source_manifest:afro-sitrep-01-pdf-2026-05-18-live,https://www.afro.who.int/countries/democratic-republic-of-congo/publication/ebola-bundibugyo-virus-disease-outbreak-democratic-republic-congo-uganda-weekly-external-situation,b43fc698bf2407323c6d6af25a3679eccdd2d68b3effc61a7563e6ef977366ba,CC-BY-NC-SA-3.0-IGO,
timeline:afro-sitrep-01-pdf-2026-05-18-live:affected_health_zones.katwa.suspected,2026-05-18,suspected_cases,1,count,afro-sitrep-01-pdf-2026-05-18-live,source_manifest:afro-sitrep-01-pdf-2026-05-18-live,https://www.afro.who.int/countries/democratic-republic-of-congo/publication/ebola-bundibugyo-virus-disease-outbreak-democratic-republic-congo-uganda-weekly-external-situation,b43fc698bf2407323c6d6af25a3679eccdd2d68b3effc61a7563e6ef977366ba,CC-BY-NC-SA-3.0-IGO,
timeline:afro-sitrep-01-pdf-2026-05-18-live:affected_health_zones.mongbwalu.suspected,2026-05-18,suspected_cases,302,count,afro-sitrep-01-pdf-2026-05-18-live,source_manifest:afro-sitrep-01-pdf-2026-05-18-live,https://www.afro.who.int/countries/democratic-republic-of-congo/publication/ebola-bundibugyo-virus-disease-outbreak-democratic-republic-congo-uganda-weekly-external-situation,b43fc698bf2407323c6d6af25a3679eccdd2d68b3effc61a7563e6ef977366ba,CC-BY-NC-SA-3.0-IGO,
timeline:afro-sitrep-01-pdf-2026-05-18-live:affected_health_zones.nyankunde.suspected,2026-05-18,suspected_cases,14,count,afro-sitrep-01-pdf-2026-05-18-live,source_manifest:afro-sitrep-01-pdf-2026-05-18-live,https://www.afro.who.int/countries/democratic-republic-of-congo/publication/ebola-bundibugyo-virus-disease-outbreak-democratic-republic-congo-uganda-weekly-external-situation,b43fc698bf2407323c6d6af25a3679eccdd2d68b3effc61a7563e6ef977366ba,CC-BY-NC-SA-3.0-IGO,
timeline:afro-sitrep-01-pdf-2026-05-18-live:affected_health_zones.rwampara.suspected,2026-05-18,suspected_cases,136,count,afro-sitrep-01-pdf-2026-05-18-live,source_manifest:afro-sitrep-01-pdf-2026-05-18-live,https://www.afro.who.int/countries/democratic-republic-of-congo/publication/ebola-bundibugyo-virus-disease-outbreak-democratic-republic-congo-uganda-weekly-external-situation,b43fc698bf2407323c6d6af25a3679eccdd2d68b3effc61a7563e6ef977366ba,CC-BY-NC-SA-3.0-IGO,
timeline:afro-sitrep-01-pdf-2026-05-18-live:cases_suspected,2026-05-18,suspected_cases,516,count,afro-sitrep-01-pdf-2026-05-18-live,source_manifest:afro-sitrep-01-pdf-2026-05-18-live,https://www.afro.who.int/countries/democratic-republic-of-congo/publication/ebola-bundibugyo-virus-disease-outbreak-democratic-republic-congo-uganda-weekly-external-situation,b43fc698bf2407323c6d6af25a3679eccdd2d68b3effc61a7563e6ef977366ba,CC-BY-NC-SA-3.0-IGO,
timeline:afro-sitrep-01-pdf-2026-05-18-live:cfr_suspected_pct,2026-05-18,suspected_cases,25.4,count,afro-sitrep-01-pdf-2026-05-18-live,source_manifest:afro-sitrep-01-pdf-2026-05-18-live,https://www.afro.who.int/countries/democratic-republic-of-congo/publication/ebola-bundibugyo-virus-disease-outbreak-democratic-republic-congo-uganda-weekly-external-situation,b43fc698bf2407323c6d6af25a3679eccdd2d68b3effc61a7563e6ef977366ba,CC-BY-NC-SA-3.0-IGO,
timeline:cdc-current-situation-2026-05-20:affected_health_zones_count,2026-05-19,affected_health_zones_count,11,count,cdc-current-situation-2026-05-20,source_manifest:cdc-current-situation-2026-05-20,https://www.cdc.gov/ebola/situation-summary/index.html,057d185124c8812d733b24ecae4b7980b3b3e5a73f2687e3e5d9acf883fed3bf,public-domain-us-gov,
timeline:cdc-current-situation-2026-05-20:cases_probable,2026-05-19,cases_probable,105,count,cdc-current-situation-2026-05-20,source_manifest:cdc-current-situation-2026-05-20,https://www.cdc.gov/ebola/situation-summary/index.html,057d185124c8812d733b24ecae4b7980b3b3e5a73f2687e3e5d9acf883fed3bf,public-domain-us-gov,
timeline:cdc-current-situation-2026-05-20:cases_confirmed,2026-05-19,confirmed_cases,34,count,cdc-current-situation-2026-05-20,source_manifest:cdc-current-situation-2026-05-20,https://www.cdc.gov/ebola/situation-summary/index.html,057d185124c8812d733b24ecae4b7980b3b3e5a73f2687e3e5d9acf883fed3bf,public-domain-us-gov,
timeline:cdc-current-situation-2026-05-20:cases_confirmed_uganda,2026-05-19,confirmed_cases,2,count,cdc-current-situation-2026-05-20,source_manifest:cdc-current-situation-2026-05-20,https://www.cdc.gov/ebola/situation-summary/index.html,057d185124c8812d733b24ecae4b7980b3b3e5a73f2687e3e5d9acf883fed3bf,public-domain-us-gov,
timeline:cdc-current-situation-2026-05-20:cases_confirmed_united_states,2026-05-19,confirmed_cases,0,count,cdc-current-situation-2026-05-20,source_manifest:cdc-current-situation-2026-05-20,https://www.cdc.gov/ebola/situation-summary/index.html,057d185124c8812d733b24ecae4b7980b3b3e5a73f2687e3e5d9acf883fed3bf,public-domain-us-gov,
timeline:cdc-current-situation-2026-05-20:new_confirmed_cases_24_to_48h,2026-05-19,confirmed_cases,26,count,cdc-current-situation-2026-05-20,source_manifest:cdc-current-situation-2026-05-20,https://www.cdc.gov/ebola/situation-summary/index.html,057d185124c8812d733b24ecae4b7980b3b3e5a73f2687e3e5d9acf883fed3bf,public-domain-us-gov,
timeline:ecdc-bdbv-drc-uga-2026-05-19-live:cases_confirmed,2026-05-19,confirmed_cases,30,count,ecdc-bdbv-drc-uga-2026-05-19-live,source_manifest:ecdc-bdbv-drc-uga-2026-05-19-live,https://www.ecdc.europa.eu/en/ebola-virus-disease-outbreak-democratic-republic-congo-and-uganda-19-may-2026,3fd9968b77caa5b86de241c556c0d425bbd9f4ba5a83b59dbab0fce8304382d8,CC-BY-4.0,
timeline:cdc-current-situation-2026-05-20:deaths_suspected,2026-05-19,deaths,134,count,cdc-current-situation-2026-05-20,source_manifest:cdc-current-situation-2026-05-20,https://www.cdc.gov/ebola/situation-summary/index.html,057d185124c8812d733b24ecae4b7980b3b3e5a73f2687e3e5d9acf883fed3bf,public-domain-us-gov,
timeline:cdc-current-situation-2026-05-20:deaths_uganda,2026-05-19,deaths,1,count,cdc-current-situation-2026-05-20,source_manifest:cdc-current-situation-2026-05-20,https://www.cdc.gov/ebola/situation-summary/index.html,057d185124c8812d733b24ecae4b7980b3b3e5a73f2687e3e5d9acf883fed3bf,public-domain-us-gov,
timeline:ecdc-bdbv-drc-uga-2026-05-19-live:deaths,2026-05-19,deaths,130,count,ecdc-bdbv-drc-uga-2026-05-19-live,source_manifest:ecdc-bdbv-drc-uga-2026-05-19-live,https://www.ecdc.europa.eu/en/ebola-virus-disease-outbreak-democratic-republic-congo-and-uganda-19-may-2026,3fd9968b77caa5b86de241c556c0d425bbd9f4ba5a83b59dbab0fce8304382d8,CC-BY-4.0,
timeline:cdc-current-situation-2026-05-20:cases_suspected,2026-05-19,suspected_cases,536,count,cdc-current-situation-2026-05-20,source_manifest:cdc-current-situation-2026-05-20,https://www.cdc.gov/ebola/situation-summary/index.html,057d185124c8812d733b24ecae4b7980b3b3e5a73f2687e3e5d9acf883fed3bf,public-domain-us-gov,
timeline:cdc-current-situation-2026-05-20:new_suspected_cases_24_to_48h,2026-05-19,suspected_cases,143,count,cdc-current-situation-2026-05-20,source_manifest:cdc-current-situation-2026-05-20,https://www.cdc.gov/ebola/situation-summary/index.html,057d185124c8812d733b24ecae4b7980b3b3e5a73f2687e3e5d9acf883fed3bf,public-domain-us-gov,
timeline:ecdc-bdbv-drc-uga-2026-05-19-live:cases_suspected_min,2026-05-19,suspected_cases,500,count,ecdc-bdbv-drc-uga-2026-05-19-live,source_manifest:ecdc-bdbv-drc-uga-2026-05-19-live,https://www.ecdc.europa.eu/en/ebola-virus-disease-outbreak-democratic-republic-congo-and-uganda-19-may-2026,3fd9968b77caa5b86de241c556c0d425bbd9f4ba5a83b59dbab0fce8304382d8,CC-BY-4.0,
timeline:imperial-mrc-gida-bdbv-2026-05-20-live:cfr_central,2026-05-20,cfr_central,0.33,count,imperial-mrc-gida-bdbv-2026-05-20-live,source_manifest:imperial-mrc-gida-bdbv-2026-05-20-live,https://www.imperial.ac.uk/mrc-global-infectious-disease-analysis/research-themes/preparedness-and-response-to-emerging-threats/report-ebola-update-20-05-2026/,87e5c822847f9e03c9cbfc78fb80eb296d7b8659f5181d0b0e278faf6dcdfb1c,CC-BY-NC-ND-4.0,
timeline:ecdc-bdbv-drc-uga-2026-05-21-live:cases_confirmed_drc,2026-05-20,confirmed_cases,51,count,ecdc-bdbv-drc-uga-2026-05-21-live,source_manifest:ecdc-bdbv-drc-uga-2026-05-21-live,https://www.ecdc.europa.eu/en/ebola-virus-disease-outbreak-democratic-republic-congo-and-uganda,bce5f5be9ba8c954c2dbae21377d079f43627f5688ffb98bb5a48ee14796532b,CC-BY-4.0,
timeline:ecdc-bdbv-drc-uga-2026-05-21-live:cases_confirmed_total,2026-05-20,confirmed_cases,53,count,ecdc-bdbv-drc-uga-2026-05-21-live,source_manifest:ecdc-bdbv-drc-uga-2026-05-21-live,https://www.ecdc.europa.eu/en/ebola-virus-disease-outbreak-democratic-republic-congo-and-uganda,bce5f5be9ba8c954c2dbae21377d079f43627f5688ffb98bb5a48ee14796532b,CC-BY-4.0,
timeline:ecdc-bdbv-drc-uga-2026-05-21-live:cases_confirmed_uganda_imported,2026-05-20,confirmed_cases,2,count,ecdc-bdbv-drc-uga-2026-05-21-live,source_manifest:ecdc-bdbv-drc-uga-2026-05-21-live,https://www.ecdc.europa.eu/en/ebola-virus-disease-outbreak-democratic-republic-congo-and-uganda,bce5f5be9ba8c954c2dbae21377d079f43627f5688ffb98bb5a48ee14796532b,CC-BY-4.0,
timeline:ecdc-threat-assessment-bdbv-2026-05-21-pdf:cases_confirmed_drc,2026-05-20,confirmed_cases,51,count,ecdc-threat-assessment-bdbv-2026-05-21-pdf,source_manifest:ecdc-threat-assessment-bdbv-2026-05-21-pdf,https://www.ecdc.europa.eu/sites/default/files/documents/EBOLA%20TAB%20NEW%20FINAL_0.pdf,6ae605e940b1c2eb344242b12b295bf6e8f44bf65ea0a821003655675f858576,CC-BY-4.0,
timeline:ecdc-threat-assessment-bdbv-2026-05-21-pdf:cases_confirmed_total,2026-05-20,confirmed_cases,53,count,ecdc-threat-assessment-bdbv-2026-05-21-pdf,source_manifest:ecdc-threat-assessment-bdbv-2026-05-21-pdf,https://www.ecdc.europa.eu/sites/default/files/documents/EBOLA%20TAB%20NEW%20FINAL_0.pdf,6ae605e940b1c2eb344242b12b295bf6e8f44bf65ea0a821003655675f858576,CC-BY-4.0,
timeline:ecdc-threat-assessment-bdbv-2026-05-21-pdf:cases_confirmed_uganda_imported,2026-05-20,confirmed_cases,2,count,ecdc-threat-assessment-bdbv-2026-05-21-pdf,source_manifest:ecdc-threat-assessment-bdbv-2026-05-21-pdf,https://www.ecdc.europa.eu/sites/default/files/documents/EBOLA%20TAB%20NEW%20FINAL_0.pdf,6ae605e940b1c2eb344242b12b295bf6e8f44bf65ea0a821003655675f858576,CC-BY-4.0,
timeline:who-dg-remarks-bdbv-2026-05-20:cases_confirmed,2026-05-20,confirmed_cases,53,count,who-dg-remarks-bdbv-2026-05-20,source_manifest:who-dg-remarks-bdbv-2026-05-20,https://www.who.int/news-room/speeches/item/who-director-general-s-opening-remarks-at-the-media-briefing-on-ebola-outbreak-in-drc-and-uganda-20-may-2026,38adc40602c6609e4a727251acd8896ca6c27ca922d855d532b35a2bcf3ff067,CC-BY-NC-SA-3.0-IGO,
timeline:who-dg-remarks-bdbv-2026-05-20:cases_confirmed_drc,2026-05-20,confirmed_cases,51,count,who-dg-remarks-bdbv-2026-05-20,source_manifest:who-dg-remarks-bdbv-2026-05-20,https://www.who.int/news-room/speeches/item/who-director-general-s-opening-remarks-at-the-media-briefing-on-ebola-outbreak-in-drc-and-uganda-20-may-2026,38adc40602c6609e4a727251acd8896ca6c27ca922d855d532b35a2bcf3ff067,CC-BY-NC-SA-3.0-IGO,
timeline:who-dg-remarks-bdbv-2026-05-20:cases_confirmed_uganda,2026-05-20,confirmed_cases,2,count,who-dg-remarks-bdbv-2026-05-20,source_manifest:who-dg-remarks-bdbv-2026-05-20,https://www.who.int/news-room/speeches/item/who-director-general-s-opening-remarks-at-the-media-briefing-on-ebola-outbreak-in-drc-and-uganda-20-may-2026,38adc40602c6609e4a727251acd8896ca6c27ca922d855d532b35a2bcf3ff067,CC-BY-NC-SA-3.0-IGO,
timeline:wikipedia-2026-ituri-epidemic-2026-05-20-live:cases_confirmed,2026-05-20,confirmed_cases,51,count,wikipedia-2026-ituri-epidemic-2026-05-20-live,source_manifest:wikipedia-2026-ituri-epidemic-2026-05-20-live,https://en.wikipedia.org/wiki/2026_Ituri_Province_Ebola_epidemic,319cdbd2b616df4301eba94171448e3081a0a1a9e701404bcdf1030a5b80e8fa,CC-BY-SA-4.0,Aggregator value retained as a cross-check; Kinshasa-specific confirmed claim conflicts with WHO deconfirmation.
timeline:ecdc-bdbv-drc-uga-2026-05-21-live:deaths_suspected,2026-05-20,deaths,139,count,ecdc-bdbv-drc-uga-2026-05-21-live,source_manifest:ecdc-bdbv-drc-uga-2026-05-21-live,https://www.ecdc.europa.eu/en/ebola-virus-disease-outbreak-democratic-republic-congo-and-uganda,bce5f5be9ba8c954c2dbae21377d079f43627f5688ffb98bb5a48ee14796532b,CC-BY-4.0,
timeline:ecdc-threat-assessment-bdbv-2026-05-21-pdf:deaths_suspected,2026-05-20,deaths,139,count,ecdc-threat-assessment-bdbv-2026-05-21-pdf,source_manifest:ecdc-threat-assessment-bdbv-2026-05-21-pdf,https://www.ecdc.europa.eu/sites/default/files/documents/EBOLA%20TAB%20NEW%20FINAL_0.pdf,6ae605e940b1c2eb344242b12b295bf6e8f44bf65ea0a821003655675f858576,CC-BY-4.0,
timeline:imperial-mrc-gida-bdbv-2026-05-20-live:deaths_used,2026-05-20,deaths,131,count,imperial-mrc-gida-bdbv-2026-05-20-live,source_manifest:imperial-mrc-gida-bdbv-2026-05-20-live,https://www.imperial.ac.uk/mrc-global-infectious-disease-analysis/research-themes/preparedness-and-response-to-emerging-threats/report-ebola-update-20-05-2026/,87e5c822847f9e03c9cbfc78fb80eb296d7b8659f5181d0b0e278faf6dcdfb1c,CC-BY-NC-ND-4.0,
timeline:who-dg-remarks-bdbv-2026-05-20:deaths_suspected,2026-05-20,deaths,139,count,who-dg-remarks-bdbv-2026-05-20,source_manifest:who-dg-remarks-bdbv-2026-05-20,https://www.who.int/news-room/speeches/item/who-director-general-s-opening-remarks-at-the-media-briefing-on-ebola-outbreak-in-drc-and-uganda-20-may-2026,38adc40602c6609e4a727251acd8896ca6c27ca922d855d532b35a2bcf3ff067,CC-BY-NC-SA-3.0-IGO,
timeline:wikipedia-2026-ituri-epidemic-2026-05-20-live:deaths,2026-05-20,deaths,144,count,wikipedia-2026-ituri-epidemic-2026-05-20-live,source_manifest:wikipedia-2026-ituri-epidemic-2026-05-20-live,https://en.wikipedia.org/wiki/2026_Ituri_Province_Ebola_epidemic,319cdbd2b616df4301eba94171448e3081a0a1a9e701404bcdf1030a5b80e8fa,CC-BY-SA-4.0,
timeline:wikipedia-2026-ituri-epidemic-2026-05-20-live:earlier_figures_19_may.deaths_at_least,2026-05-20,deaths,131,count,wikipedia-2026-ituri-epidemic-2026-05-20-live,source_manifest:wikipedia-2026-ituri-epidemic-2026-05-20-live,https://en.wikipedia.org/wiki/2026_Ituri_Province_Ebola_epidemic,319cdbd2b616df4301eba94171448e3081a0a1a9e701404bcdf1030a5b80e8fa,CC-BY-SA-4.0,
timeline:imperial-mrc-gida-bdbv-2026-05-20-live:method1_table1_10d_window.ituri_main,2026-05-20,method1_table1_10d_window_ituri_main,470,count,imperial-mrc-gida-bdbv-2026-05-20-live,source_manifest:imperial-mrc-gida-bdbv-2026-05-20-live,https://www.imperial.ac.uk/mrc-global-infectious-disease-analysis/research-themes/preparedness-and-response-to-emerging-threats/report-ebola-update-20-05-2026/,87e5c822847f9e03c9cbfc78fb80eb296d7b8659f5181d0b0e278faf6dcdfb1c,CC-BY-NC-ND-4.0,
timeline:imperial-mrc-gida-bdbv-2026-05-20-live:method1_table1_10d_window.ituri_plus_nord_kivu,2026-05-20,method1_table1_10d_window_ituri_plus_nord_kivu,617,count,imperial-mrc-gida-bdbv-2026-05-20-live,source_manifest:imperial-mrc-gida-bdbv-2026-05-20-live,https://www.imperial.ac.uk/mrc-global-infectious-disease-analysis/research-themes/preparedness-and-response-to-emerging-threats/report-ebola-update-20-05-2026/,87e5c822847f9e03c9cbfc78fb80eb296d7b8659f5181d0b0e278faf6dcdfb1c,CC-BY-NC-ND-4.0,
timeline:imperial-mrc-gida-bdbv-2026-05-20-live:method2_table2_14d_doubling.cfr_26,2026-05-20,method2_table2_14d_doubling_cfr_26,860,count,imperial-mrc-gida-bdbv-2026-05-20-live,source_manifest:imperial-mrc-gida-bdbv-2026-05-20-live,https://www.imperial.ac.uk/mrc-global-infectious-disease-analysis/research-themes/preparedness-and-response-to-emerging-threats/report-ebola-update-20-05-2026/,87e5c822847f9e03c9cbfc78fb80eb296d7b8659f5181d0b0e278faf6dcdfb1c,CC-BY-NC-ND-4.0,
timeline:imperial-mrc-gida-bdbv-2026-05-20-live:method2_table2_14d_doubling.cfr_33,2026-05-20,method2_table2_14d_doubling_cfr_33,678,count,imperial-mrc-gida-bdbv-2026-05-20-live,source_manifest:imperial-mrc-gida-bdbv-2026-05-20-live,https://www.imperial.ac.uk/mrc-global-infectious-disease-analysis/research-themes/preparedness-and-response-to-emerging-threats/report-ebola-update-20-05-2026/,87e5c822847f9e03c9cbfc78fb80eb296d7b8659f5181d0b0e278faf6dcdfb1c,CC-BY-NC-ND-4.0,
timeline:imperial-mrc-gida-bdbv-2026-05-20-live:method2_table2_14d_doubling.cfr_40,2026-05-20,method2_table2_14d_doubling_cfr_40,559,count,imperial-mrc-gida-bdbv-2026-05-20-live,source_manifest:imperial-mrc-gida-bdbv-2026-05-20-live,https://www.imperial.ac.uk/mrc-global-infectious-disease-analysis/research-themes/preparedness-and-response-to-emerging-threats/report-ebola-update-20-05-2026/,87e5c822847f9e03c9cbfc78fb80eb296d7b8659f5181d0b0e278faf6dcdfb1c,CC-BY-NC-ND-4.0,
timeline:ecdc-bdbv-drc-uga-2026-05-21-live:cases_suspected_approx,2026-05-20,suspected_cases,600,count,ecdc-bdbv-drc-uga-2026-05-21-live,source_manifest:ecdc-bdbv-drc-uga-2026-05-21-live,https://www.ecdc.europa.eu/en/ebola-virus-disease-outbreak-democratic-republic-congo-and-uganda,bce5f5be9ba8c954c2dbae21377d079f43627f5688ffb98bb5a48ee14796532b,CC-BY-4.0,
timeline:ecdc-threat-assessment-bdbv-2026-05-21-pdf:cases_suspected_approx,2026-05-20,suspected_cases,600,count,ecdc-threat-assessment-bdbv-2026-05-21-pdf,source_manifest:ecdc-threat-assessment-bdbv-2026-05-21-pdf,https://www.ecdc.europa.eu/sites/default/files/documents/EBOLA%20TAB%20NEW%20FINAL_0.pdf,6ae605e940b1c2eb344242b12b295bf6e8f44bf65ea0a821003655675f858576,CC-BY-4.0,
timeline:imperial-mrc-gida-bdbv-2026-05-20-live:suspected_cases_reported,2026-05-20,suspected_cases,516,count,imperial-mrc-gida-bdbv-2026-05-20-live,source_manifest:imperial-mrc-gida-bdbv-2026-05-20-live,https://www.imperial.ac.uk/mrc-global-infectious-disease-analysis/research-themes/preparedness-and-response-to-emerging-threats/report-ebola-update-20-05-2026/,87e5c822847f9e03c9cbfc78fb80eb296d7b8659f5181d0b0e278faf6dcdfb1c,CC-BY-NC-ND-4.0,
timeline:who-dg-remarks-bdbv-2026-05-20:cases_suspected_approx,2026-05-20,suspected_cases,600,count,who-dg-remarks-bdbv-2026-05-20,source_manifest:who-dg-remarks-bdbv-2026-05-20,https://www.who.int/news-room/speeches/item/who-director-general-s-opening-remarks-at-the-media-briefing-on-ebola-outbreak-in-drc-and-uganda-20-may-2026,38adc40602c6609e4a727251acd8896ca6c27ca922d855d532b35a2bcf3ff067,CC-BY-NC-SA-3.0-IGO,
timeline:wikipedia-2026-ituri-epidemic-2026-05-20-live:cases_suspected,2026-05-20,suspected_cases,653,count,wikipedia-2026-ituri-epidemic-2026-05-20-live,source_manifest:wikipedia-2026-ituri-epidemic-2026-05-20-live,https://en.wikipedia.org/wiki/2026_Ituri_Province_Ebola_epidemic,319cdbd2b616df4301eba94171448e3081a0a1a9e701404bcdf1030a5b80e8fa,CC-BY-SA-4.0,
timeline:wikipedia-2026-ituri-epidemic-2026-05-20-live:earlier_figures_19_may.cases_suspected,2026-05-20,suspected_cases,543,count,wikipedia-2026-ituri-epidemic-2026-05-20-live,source_manifest:wikipedia-2026-ituri-epidemic-2026-05-20-live,https://en.wikipedia.org/wiki/2026_Ituri_Province_Ebola_epidemic,319cdbd2b616df4301eba94171448e3081a0a1a9e701404bcdf1030a5b80e8fa,CC-BY-SA-4.0,
timeline:cdc-current-situation-2026-05-21:affected_health_zones_count,2026-05-21,affected_health_zones_count,11,count,cdc-current-situation-2026-05-21,source_manifest:cdc-current-situation-2026-05-21,https://www.cdc.gov/ebola/situation-summary/index.html,4787fab45a60afe1cbd42463877163acc4863a7298b7b2edefb2c005ae3b916b,public-domain-us-gov,
timeline:drc-moh-epidemie-dashboard-sitrep-mve-n-007-mvb-17-2026-pdf-2026-05-22:affected_health_zones_count_drc,2026-05-21,affected_health_zones_count_drc,11,count,drc-moh-epidemie-dashboard-sitrep-mve-n-007-mvb-17-2026-pdf-2026-05-22,source_manifest:drc-moh-epidemie-dashboard-sitrep-mve-n-007-mvb-17-2026-pdf-2026-05-22,https://administration.sante.gouv.cd/wp-content/uploads/2026/05/SitRep_MVE_RDC_20260512-FDv2_IM.pdf,0fff304fd19ebc41e80328ff2f319ba903ea9b378f8926857ffc3fad0c537317,publisher-terms-not-confirmed,
timeline:who-don603-2026-05-21-live:affected_zones_count_drc,2026-05-21,affected_zones_count_drc,15,count,who-don603-2026-05-21-live,source_manifest:who-don603-2026-05-21-live,https://www.who.int/emergencies/disease-outbreak-news/item/2026-DON603,90f30cdf884274e9f8e35588364aeed409e5a7373f27ca3218ee88dd4dea18ed,CC-BY-NC-SA-3.0-IGO,
timeline:who-don603-2026-05-21-live:alerts_investigated_2026_05_21,2026-05-21,alerts_investigated_2026_05_21,77,count,who-don603-2026-05-21-live,source_manifest:who-don603-2026-05-21-live,https://www.who.int/emergencies/disease-outbreak-news/item/2026-DON603,90f30cdf884274e9f8e35588364aeed409e5a7373f27ca3218ee88dd4dea18ed,CC-BY-NC-SA-3.0-IGO,
timeline:who-don603-2026-05-21-live:alerts_reported_2026_05_21,2026-05-21,alerts_reported_2026_05_21,84,count,who-don603-2026-05-21-live,source_manifest:who-don603-2026-05-21-live,https://www.who.int/emergencies/disease-outbreak-news/item/2026-DON603,90f30cdf884274e9f8e35588364aeed409e5a7373f27ca3218ee88dd4dea18ed,CC-BY-NC-SA-3.0-IGO,
timeline:cdc-current-situation-2026-05-21:cases_confirmed,2026-05-21,confirmed_cases,51,count,cdc-current-situation-2026-05-21,source_manifest:cdc-current-situation-2026-05-21,https://www.cdc.gov/ebola/situation-summary/index.html,4787fab45a60afe1cbd42463877163acc4863a7298b7b2edefb2c005ae3b916b,public-domain-us-gov,
timeline:cdc-current-situation-2026-05-21:cases_confirmed_uganda,2026-05-21,confirmed_cases,2,count,cdc-current-situation-2026-05-21,source_manifest:cdc-current-situation-2026-05-21,https://www.cdc.gov/ebola/situation-summary/index.html,4787fab45a60afe1cbd42463877163acc4863a7298b7b2edefb2c005ae3b916b,public-domain-us-gov,
timeline:cdc-current-situation-2026-05-21:cases_confirmed_united_states,2026-05-21,confirmed_cases,0,count,cdc-current-situation-2026-05-21,source_manifest:cdc-current-situation-2026-05-21,https://www.cdc.gov/ebola/situation-summary/index.html,4787fab45a60afe1cbd42463877163acc4863a7298b7b2edefb2c005ae3b916b,public-domain-us-gov,
timeline:drc-moh-epidemie-dashboard-sitrep-mve-n-007-mvb-17-2026-pdf-2026-05-22:affected_health_zones.bambu.confirmed,2026-05-21,confirmed_cases,1,count,drc-moh-epidemie-dashboard-sitrep-mve-n-007-mvb-17-2026-pdf-2026-05-22,source_manifest:drc-moh-epidemie-dashboard-sitrep-mve-n-007-mvb-17-2026-pdf-2026-05-22,https://administration.sante.gouv.cd/wp-content/uploads/2026/05/SitRep_MVE_RDC_20260512-FDv2_IM.pdf,0fff304fd19ebc41e80328ff2f319ba903ea9b378f8926857ffc3fad0c537317,publisher-terms-not-confirmed,
timeline:drc-moh-epidemie-dashboard-sitrep-mve-n-007-mvb-17-2026-pdf-2026-05-22:affected_health_zones.bunia.confirmed,2026-05-21,confirmed_cases,15,count,drc-moh-epidemie-dashboard-sitrep-mve-n-007-mvb-17-2026-pdf-2026-05-22,source_manifest:drc-moh-epidemie-dashboard-sitrep-mve-n-007-mvb-17-2026-pdf-2026-05-22,https://administration.sante.gouv.cd/wp-content/uploads/2026/05/SitRep_MVE_RDC_20260512-FDv2_IM.pdf,0fff304fd19ebc41e80328ff2f319ba903ea9b378f8926857ffc3fad0c537317,publisher-terms-not-confirmed,
timeline:drc-moh-epidemie-dashboard-sitrep-mve-n-007-mvb-17-2026-pdf-2026-05-22:affected_health_zones.butembo.confirmed,2026-05-21,confirmed_cases,1,count,drc-moh-epidemie-dashboard-sitrep-mve-n-007-mvb-17-2026-pdf-2026-05-22,source_manifest:drc-moh-epidemie-dashboard-sitrep-mve-n-007-mvb-17-2026-pdf-2026-05-22,https://administration.sante.gouv.cd/wp-content/uploads/2026/05/SitRep_MVE_RDC_20260512-FDv2_IM.pdf,0fff304fd19ebc41e80328ff2f319ba903ea9b378f8926857ffc3fad0c537317,publisher-terms-not-confirmed,
timeline:drc-moh-epidemie-dashboard-sitrep-mve-n-007-mvb-17-2026-pdf-2026-05-22:affected_health_zones.goma.confirmed,2026-05-21,confirmed_cases,1,count,drc-moh-epidemie-dashboard-sitrep-mve-n-007-mvb-17-2026-pdf-2026-05-22,source_manifest:drc-moh-epidemie-dashboard-sitrep-mve-n-007-mvb-17-2026-pdf-2026-05-22,https://administration.sante.gouv.cd/wp-content/uploads/2026/05/SitRep_MVE_RDC_20260512-FDv2_IM.pdf,0fff304fd19ebc41e80328ff2f319ba903ea9b378f8926857ffc3fad0c537317,publisher-terms-not-confirmed,
timeline:drc-moh-epidemie-dashboard-sitrep-mve-n-007-mvb-17-2026-pdf-2026-05-22:affected_health_zones.katwa.confirmed,2026-05-21,confirmed_cases,2,count,drc-moh-epidemie-dashboard-sitrep-mve-n-007-mvb-17-2026-pdf-2026-05-22,source_manifest:drc-moh-epidemie-dashboard-sitrep-mve-n-007-mvb-17-2026-pdf-2026-05-22,https://administration.sante.gouv.cd/wp-content/uploads/2026/05/SitRep_MVE_RDC_20260512-FDv2_IM.pdf,0fff304fd19ebc41e80328ff2f319ba903ea9b378f8926857ffc3fad0c537317,publisher-terms-not-confirmed,
timeline:drc-moh-epidemie-dashboard-sitrep-mve-n-007-mvb-17-2026-pdf-2026-05-22:affected_health_zones.kilo.confirmed,2026-05-21,confirmed_cases,1,count,drc-moh-epidemie-dashboard-sitrep-mve-n-007-mvb-17-2026-pdf-2026-05-22,source_manifest:drc-moh-epidemie-dashboard-sitrep-mve-n-007-mvb-17-2026-pdf-2026-05-22,https://administration.sante.gouv.cd/wp-content/uploads/2026/05/SitRep_MVE_RDC_20260512-FDv2_IM.pdf,0fff304fd19ebc41e80328ff2f319ba903ea9b378f8926857ffc3fad0c537317,publisher-terms-not-confirmed,
timeline:drc-moh-epidemie-dashboard-sitrep-mve-n-007-mvb-17-2026-pdf-2026-05-22:affected_health_zones.miti-murhesa.confirmed,2026-05-21,confirmed_cases,1,count,drc-moh-epidemie-dashboard-sitrep-mve-n-007-mvb-17-2026-pdf-2026-05-22,source_manifest:drc-moh-epidemie-dashboard-sitrep-mve-n-007-mvb-17-2026-pdf-2026-05-22,https://administration.sante.gouv.cd/wp-content/uploads/2026/05/SitRep_MVE_RDC_20260512-FDv2_IM.pdf,0fff304fd19ebc41e80328ff2f319ba903ea9b378f8926857ffc3fad0c537317,publisher-terms-not-confirmed,
timeline:drc-moh-epidemie-dashboard-sitrep-mve-n-007-mvb-17-2026-pdf-2026-05-22:affected_health_zones.mongbwalu.confirmed,2026-05-21,confirmed_cases,14,count,drc-moh-epidemie-dashboard-sitrep-mve-n-007-mvb-17-2026-pdf-2026-05-22,source_manifest:drc-moh-epidemie-dashboard-sitrep-mve-n-007-mvb-17-2026-pdf-2026-05-22,https://administration.sante.gouv.cd/wp-content/uploads/2026/05/SitRep_MVE_RDC_20260512-FDv2_IM.pdf,0fff304fd19ebc41e80328ff2f319ba903ea9b378f8926857ffc3fad0c537317,publisher-terms-not-confirmed,
timeline:drc-moh-epidemie-dashboard-sitrep-mve-n-007-mvb-17-2026-pdf-2026-05-22:affected_health_zones.nizi.confirmed,2026-05-21,confirmed_cases,1,count,drc-moh-epidemie-dashboard-sitrep-mve-n-007-mvb-17-2026-pdf-2026-05-22,source_manifest:drc-moh-epidemie-dashboard-sitrep-mve-n-007-mvb-17-2026-pdf-2026-05-22,https://administration.sante.gouv.cd/wp-content/uploads/2026/05/SitRep_MVE_RDC_20260512-FDv2_IM.pdf,0fff304fd19ebc41e80328ff2f319ba903ea9b378f8926857ffc3fad0c537317,publisher-terms-not-confirmed,
timeline:drc-moh-epidemie-dashboard-sitrep-mve-n-007-mvb-17-2026-pdf-2026-05-22:affected_health_zones.nyankunde.confirmed,2026-05-21,confirmed_cases,11,count,drc-moh-epidemie-dashboard-sitrep-mve-n-007-mvb-17-2026-pdf-2026-05-22,source_manifest:drc-moh-epidemie-dashboard-sitrep-mve-n-007-mvb-17-2026-pdf-2026-05-22,https://administration.sante.gouv.cd/wp-content/uploads/2026/05/SitRep_MVE_RDC_20260512-FDv2_IM.pdf,0fff304fd19ebc41e80328ff2f319ba903ea9b378f8926857ffc3fad0c537317,publisher-terms-not-confirmed,
timeline:drc-moh-epidemie-dashboard-sitrep-mve-n-007-mvb-17-2026-pdf-2026-05-22:affected_health_zones.rwampara.confirmed,2026-05-21,confirmed_cases,31,count,drc-moh-epidemie-dashboard-sitrep-mve-n-007-mvb-17-2026-pdf-2026-05-22,source_manifest:drc-moh-epidemie-dashboard-sitrep-mve-n-007-mvb-17-2026-pdf-2026-05-22,https://administration.sante.gouv.cd/wp-content/uploads/2026/05/SitRep_MVE_RDC_20260512-FDv2_IM.pdf,0fff304fd19ebc41e80328ff2f319ba903ea9b378f8926857ffc3fad0c537317,publisher-terms-not-confirmed,
timeline:drc-moh-epidemie-dashboard-sitrep-mve-n-007-mvb-17-2026-pdf-2026-05-22:cases_confirmed,2026-05-21,confirmed_cases,83,count,drc-moh-epidemie-dashboard-sitrep-mve-n-007-mvb-17-2026-pdf-2026-05-22,source_manifest:drc-moh-epidemie-dashboard-sitrep-mve-n-007-mvb-17-2026-pdf-2026-05-22,https://administration.sante.gouv.cd/wp-content/uploads/2026/05/SitRep_MVE_RDC_20260512-FDv2_IM.pdf,0fff304fd19ebc41e80328ff2f319ba903ea9b378f8926857ffc3fad0c537317,publisher-terms-not-confirmed,
timeline:drc-moh-epidemie-dashboard-sitrep-mve-n-007-mvb-17-2026-pdf-2026-05-22:cases_confirmed_drc,2026-05-21,confirmed_cases,83,count,drc-moh-epidemie-dashboard-sitrep-mve-n-007-mvb-17-2026-pdf-2026-05-22,source_manifest:drc-moh-epidemie-dashboard-sitrep-mve-n-007-mvb-17-2026-pdf-2026-05-22,https://administration.sante.gouv.cd/wp-content/uploads/2026/05/SitRep_MVE_RDC_20260512-FDv2_IM.pdf,0fff304fd19ebc41e80328ff2f319ba903ea9b378f8926857ffc3fad0c537317,publisher-terms-not-confirmed,
timeline:drc-moh-epidemie-dashboard-sitrep-mve-n-007-mvb-17-2026-pdf-2026-05-22:health_zone_attributed_confirmed,2026-05-21,confirmed_cases,79,count,drc-moh-epidemie-dashboard-sitrep-mve-n-007-mvb-17-2026-pdf-2026-05-22,source_manifest:drc-moh-epidemie-dashboard-sitrep-mve-n-007-mvb-17-2026-pdf-2026-05-22,https://administration.sante.gouv.cd/wp-content/uploads/2026/05/SitRep_MVE_RDC_20260512-FDv2_IM.pdf,0fff304fd19ebc41e80328ff2f319ba903ea9b378f8926857ffc3fad0c537317,publisher-terms-not-confirmed,
timeline:drc-moh-epidemie-dashboard-sitrep-mve-n-007-mvb-17-2026-pdf-2026-05-22:new_confirmed_delta,2026-05-21,confirmed_cases,19,count,drc-moh-epidemie-dashboard-sitrep-mve-n-007-mvb-17-2026-pdf-2026-05-22,source_manifest:drc-moh-epidemie-dashboard-sitrep-mve-n-007-mvb-17-2026-pdf-2026-05-22,https://administration.sante.gouv.cd/wp-content/uploads/2026/05/SitRep_MVE_RDC_20260512-FDv2_IM.pdf,0fff304fd19ebc41e80328ff2f319ba903ea9b378f8926857ffc3fad0c537317,publisher-terms-not-confirmed,
timeline:drc-moh-epidemie-dashboard-sitrep-mve-n-007-mvb-17-2026-pdf-2026-05-22:samples_without_forms_confirmed,2026-05-21,confirmed_cases,4,count,drc-moh-epidemie-dashboard-sitrep-mve-n-007-mvb-17-2026-pdf-2026-05-22,source_manifest:drc-moh-epidemie-dashboard-sitrep-mve-n-007-mvb-17-2026-pdf-2026-05-22,https://administration.sante.gouv.cd/wp-content/uploads/2026/05/SitRep_MVE_RDC_20260512-FDv2_IM.pdf,0fff304fd19ebc41e80328ff2f319ba903ea9b378f8926857ffc3fad0c537317,publisher-terms-not-confirmed,
timeline:drc-moh-epidemie-dashboard-sitrep-mve-n-007-mvb-17-2026-pdf-2026-05-22:unallocated_confirmed_without_zone,2026-05-21,confirmed_cases,4,count,drc-moh-epidemie-dashboard-sitrep-mve-n-007-mvb-17-2026-pdf-2026-05-22,source_manifest:drc-moh-epidemie-dashboard-sitrep-mve-n-007-mvb-17-2026-pdf-2026-05-22,https://administration.sante.gouv.cd/wp-content/uploads/2026/05/SitRep_MVE_RDC_20260512-FDv2_IM.pdf,0fff304fd19ebc41e80328ff2f319ba903ea9b378f8926857ffc3fad0c537317,publisher-terms-not-confirmed,
timeline:who-don603-2026-05-21-live:cases_confirmed,2026-05-21,confirmed_cases,85,count,who-don603-2026-05-21-live,source_manifest:who-don603-2026-05-21-live,https://www.who.int/emergencies/disease-outbreak-news/item/2026-DON603,90f30cdf884274e9f8e35588364aeed409e5a7373f27ca3218ee88dd4dea18ed,CC-BY-NC-SA-3.0-IGO,
timeline:who-don603-2026-05-21-live:cases_confirmed_drc,2026-05-21,confirmed_cases,83,count,who-don603-2026-05-21-live,source_manifest:who-don603-2026-05-21-live,https://www.who.int/emergencies/disease-outbreak-news/item/2026-DON603,90f30cdf884274e9f8e35588364aeed409e5a7373f27ca3218ee88dd4dea18ed,CC-BY-NC-SA-3.0-IGO,
timeline:who-don603-2026-05-21-live:cases_confirmed_total,2026-05-21,confirmed_cases,85,count,who-don603-2026-05-21-live,source_manifest:who-don603-2026-05-21-live,https://www.who.int/emergencies/disease-outbreak-news/item/2026-DON603,90f30cdf884274e9f8e35588364aeed409e5a7373f27ca3218ee88dd4dea18ed,CC-BY-NC-SA-3.0-IGO,
timeline:who-don603-2026-05-21-live:cases_confirmed_uganda_imported,2026-05-21,confirmed_cases,2,count,who-don603-2026-05-21-live,source_manifest:who-don603-2026-05-21-live,https://www.who.int/emergencies/disease-outbreak-news/item/2026-DON603,90f30cdf884274e9f8e35588364aeed409e5a7373f27ca3218ee88dd4dea18ed,CC-BY-NC-SA-3.0-IGO,
timeline:who-don603-2026-05-21-live:contact_followup_rate,2026-05-21,contact_followup_rate,0.21,count,who-don603-2026-05-21-live,source_manifest:who-don603-2026-05-21-live,https://www.who.int/emergencies/disease-outbreak-news/item/2026-DON603,90f30cdf884274e9f8e35588364aeed409e5a7373f27ca3218ee88dd4dea18ed,CC-BY-NC-SA-3.0-IGO,
timeline:drc-moh-epidemie-dashboard-sitrep-mve-n-007-mvb-17-2026-pdf-2026-05-22:contacts,2026-05-21,contacts,1603,count,drc-moh-epidemie-dashboard-sitrep-mve-n-007-mvb-17-2026-pdf-2026-05-22,source_manifest:drc-moh-epidemie-dashboard-sitrep-mve-n-007-mvb-17-2026-pdf-2026-05-22,https://administration.sante.gouv.cd/wp-content/uploads/2026/05/SitRep_MVE_RDC_20260512-FDv2_IM.pdf,0fff304fd19ebc41e80328ff2f319ba903ea9b378f8926857ffc3fad0c537317,publisher-terms-not-confirmed,
timeline:who-don603-2026-05-21-live:contacts_listed_ituri,2026-05-21,contacts_listed_ituri,1603,count,who-don603-2026-05-21-live,source_manifest:who-don603-2026-05-21-live,https://www.who.int/emergencies/disease-outbreak-news/item/2026-DON603,90f30cdf884274e9f8e35588364aeed409e5a7373f27ca3218ee88dd4dea18ed,CC-BY-NC-SA-3.0-IGO,
timeline:cdc-current-situation-2026-05-21:deaths_suspected,2026-05-21,deaths,148,count,cdc-current-situation-2026-05-21,source_manifest:cdc-current-situation-2026-05-21,https://www.cdc.gov/ebola/situation-summary/index.html,4787fab45a60afe1cbd42463877163acc4863a7298b7b2edefb2c005ae3b916b,public-domain-us-gov,
timeline:cdc-current-situation-2026-05-21:deaths_uganda,2026-05-21,deaths,1,count,cdc-current-situation-2026-05-21,source_manifest:cdc-current-situation-2026-05-21,https://www.cdc.gov/ebola/situation-summary/index.html,4787fab45a60afe1cbd42463877163acc4863a7298b7b2edefb2c005ae3b916b,public-domain-us-gov,
timeline:drc-moh-epidemie-dashboard-sitrep-mve-n-007-mvb-17-2026-pdf-2026-05-22:affected_health_zones.bambu.deaths,2026-05-21,deaths,0,count,drc-moh-epidemie-dashboard-sitrep-mve-n-007-mvb-17-2026-pdf-2026-05-22,source_manifest:drc-moh-epidemie-dashboard-sitrep-mve-n-007-mvb-17-2026-pdf-2026-05-22,https://administration.sante.gouv.cd/wp-content/uploads/2026/05/SitRep_MVE_RDC_20260512-FDv2_IM.pdf,0fff304fd19ebc41e80328ff2f319ba903ea9b378f8926857ffc3fad0c537317,publisher-terms-not-confirmed,
timeline:drc-moh-epidemie-dashboard-sitrep-mve-n-007-mvb-17-2026-pdf-2026-05-22:affected_health_zones.bunia.deaths,2026-05-21,deaths,34,count,drc-moh-epidemie-dashboard-sitrep-mve-n-007-mvb-17-2026-pdf-2026-05-22,source_manifest:drc-moh-epidemie-dashboard-sitrep-mve-n-007-mvb-17-2026-pdf-2026-05-22,https://administration.sante.gouv.cd/wp-content/uploads/2026/05/SitRep_MVE_RDC_20260512-FDv2_IM.pdf,0fff304fd19ebc41e80328ff2f319ba903ea9b378f8926857ffc3fad0c537317,publisher-terms-not-confirmed,
timeline:drc-moh-epidemie-dashboard-sitrep-mve-n-007-mvb-17-2026-pdf-2026-05-22:affected_health_zones.butembo.deaths,2026-05-21,deaths,0,count,drc-moh-epidemie-dashboard-sitrep-mve-n-007-mvb-17-2026-pdf-2026-05-22,source_manifest:drc-moh-epidemie-dashboard-sitrep-mve-n-007-mvb-17-2026-pdf-2026-05-22,https://administration.sante.gouv.cd/wp-content/uploads/2026/05/SitRep_MVE_RDC_20260512-FDv2_IM.pdf,0fff304fd19ebc41e80328ff2f319ba903ea9b378f8926857ffc3fad0c537317,publisher-terms-not-confirmed,
timeline:drc-moh-epidemie-dashboard-sitrep-mve-n-007-mvb-17-2026-pdf-2026-05-22:affected_health_zones.goma.deaths,2026-05-21,deaths,0,count,drc-moh-epidemie-dashboard-sitrep-mve-n-007-mvb-17-2026-pdf-2026-05-22,source_manifest:drc-moh-epidemie-dashboard-sitrep-mve-n-007-mvb-17-2026-pdf-2026-05-22,https://administration.sante.gouv.cd/wp-content/uploads/2026/05/SitRep_MVE_RDC_20260512-FDv2_IM.pdf,0fff304fd19ebc41e80328ff2f319ba903ea9b378f8926857ffc3fad0c537317,publisher-terms-not-confirmed,
timeline:drc-moh-epidemie-dashboard-sitrep-mve-n-007-mvb-17-2026-pdf-2026-05-22:affected_health_zones.katwa.deaths,2026-05-21,deaths,0,count,drc-moh-epidemie-dashboard-sitrep-mve-n-007-mvb-17-2026-pdf-2026-05-22,source_manifest:drc-moh-epidemie-dashboard-sitrep-mve-n-007-mvb-17-2026-pdf-2026-05-22,https://administration.sante.gouv.cd/wp-content/uploads/2026/05/SitRep_MVE_RDC_20260512-FDv2_IM.pdf,0fff304fd19ebc41e80328ff2f319ba903ea9b378f8926857ffc3fad0c537317,publisher-terms-not-confirmed,
timeline:drc-moh-epidemie-dashboard-sitrep-mve-n-007-mvb-17-2026-pdf-2026-05-22:affected_health_zones.kilo.deaths,2026-05-21,deaths,0,count,drc-moh-epidemie-dashboard-sitrep-mve-n-007-mvb-17-2026-pdf-2026-05-22,source_manifest:drc-moh-epidemie-dashboard-sitrep-mve-n-007-mvb-17-2026-pdf-2026-05-22,https://administration.sante.gouv.cd/wp-content/uploads/2026/05/SitRep_MVE_RDC_20260512-FDv2_IM.pdf,0fff304fd19ebc41e80328ff2f319ba903ea9b378f8926857ffc3fad0c537317,publisher-terms-not-confirmed,
timeline:drc-moh-epidemie-dashboard-sitrep-mve-n-007-mvb-17-2026-pdf-2026-05-22:affected_health_zones.miti-murhesa.deaths,2026-05-21,deaths,0,count,drc-moh-epidemie-dashboard-sitrep-mve-n-007-mvb-17-2026-pdf-2026-05-22,source_manifest:drc-moh-epidemie-dashboard-sitrep-mve-n-007-mvb-17-2026-pdf-2026-05-22,https://administration.sante.gouv.cd/wp-content/uploads/2026/05/SitRep_MVE_RDC_20260512-FDv2_IM.pdf,0fff304fd19ebc41e80328ff2f319ba903ea9b378f8926857ffc3fad0c537317,publisher-terms-not-confirmed,
timeline:drc-moh-epidemie-dashboard-sitrep-mve-n-007-mvb-17-2026-pdf-2026-05-22:affected_health_zones.mongbwalu.deaths,2026-05-21,deaths,84,count,drc-moh-epidemie-dashboard-sitrep-mve-n-007-mvb-17-2026-pdf-2026-05-22,source_manifest:drc-moh-epidemie-dashboard-sitrep-mve-n-007-mvb-17-2026-pdf-2026-05-22,https://administration.sante.gouv.cd/wp-content/uploads/2026/05/SitRep_MVE_RDC_20260512-FDv2_IM.pdf,0fff304fd19ebc41e80328ff2f319ba903ea9b378f8926857ffc3fad0c537317,publisher-terms-not-confirmed,
timeline:drc-moh-epidemie-dashboard-sitrep-mve-n-007-mvb-17-2026-pdf-2026-05-22:affected_health_zones.nizi.deaths,2026-05-21,deaths,1,count,drc-moh-epidemie-dashboard-sitrep-mve-n-007-mvb-17-2026-pdf-2026-05-22,source_manifest:drc-moh-epidemie-dashboard-sitrep-mve-n-007-mvb-17-2026-pdf-2026-05-22,https://administration.sante.gouv.cd/wp-content/uploads/2026/05/SitRep_MVE_RDC_20260512-FDv2_IM.pdf,0fff304fd19ebc41e80328ff2f319ba903ea9b378f8926857ffc3fad0c537317,publisher-terms-not-confirmed,
timeline:drc-moh-epidemie-dashboard-sitrep-mve-n-007-mvb-17-2026-pdf-2026-05-22:affected_health_zones.nyankunde.deaths,2026-05-21,deaths,6,count,drc-moh-epidemie-dashboard-sitrep-mve-n-007-mvb-17-2026-pdf-2026-05-22,source_manifest:drc-moh-epidemie-dashboard-sitrep-mve-n-007-mvb-17-2026-pdf-2026-05-22,https://administration.sante.gouv.cd/wp-content/uploads/2026/05/SitRep_MVE_RDC_20260512-FDv2_IM.pdf,0fff304fd19ebc41e80328ff2f319ba903ea9b378f8926857ffc3fad0c537317,publisher-terms-not-confirmed,
timeline:drc-moh-epidemie-dashboard-sitrep-mve-n-007-mvb-17-2026-pdf-2026-05-22:affected_health_zones.rwampara.deaths,2026-05-21,deaths,51,count,drc-moh-epidemie-dashboard-sitrep-mve-n-007-mvb-17-2026-pdf-2026-05-22,source_manifest:drc-moh-epidemie-dashboard-sitrep-mve-n-007-mvb-17-2026-pdf-2026-05-22,https://administration.sante.gouv.cd/wp-content/uploads/2026/05/SitRep_MVE_RDC_20260512-FDv2_IM.pdf,0fff304fd19ebc41e80328ff2f319ba903ea9b378f8926857ffc3fad0c537317,publisher-terms-not-confirmed,
timeline:drc-moh-epidemie-dashboard-sitrep-mve-n-007-mvb-17-2026-pdf-2026-05-22:deaths_confirmed_drc,2026-05-21,deaths,9,count,drc-moh-epidemie-dashboard-sitrep-mve-n-007-mvb-17-2026-pdf-2026-05-22,source_manifest:drc-moh-epidemie-dashboard-sitrep-mve-n-007-mvb-17-2026-pdf-2026-05-22,https://administration.sante.gouv.cd/wp-content/uploads/2026/05/SitRep_MVE_RDC_20260512-FDv2_IM.pdf,0fff304fd19ebc41e80328ff2f319ba903ea9b378f8926857ffc3fad0c537317,publisher-terms-not-confirmed,
timeline:drc-moh-epidemie-dashboard-sitrep-mve-n-007-mvb-17-2026-pdf-2026-05-22:deaths_suspected,2026-05-21,deaths,176,count,drc-moh-epidemie-dashboard-sitrep-mve-n-007-mvb-17-2026-pdf-2026-05-22,source_manifest:drc-moh-epidemie-dashboard-sitrep-mve-n-007-mvb-17-2026-pdf-2026-05-22,https://administration.sante.gouv.cd/wp-content/uploads/2026/05/SitRep_MVE_RDC_20260512-FDv2_IM.pdf,0fff304fd19ebc41e80328ff2f319ba903ea9b378f8926857ffc3fad0c537317,publisher-terms-not-confirmed,
timeline:who-don603-2026-05-21-live:deaths,2026-05-21,deaths,176,count,who-don603-2026-05-21-live,source_manifest:who-don603-2026-05-21-live,https://www.who.int/emergencies/disease-outbreak-news/item/2026-DON603,90f30cdf884274e9f8e35588364aeed409e5a7373f27ca3218ee88dd4dea18ed,CC-BY-NC-SA-3.0-IGO,
timeline:who-don603-2026-05-21-live:deaths_confirmed_drc,2026-05-21,deaths,9,count,who-don603-2026-05-21-live,source_manifest:who-don603-2026-05-21-live,https://www.who.int/emergencies/disease-outbreak-news/item/2026-DON603,90f30cdf884274e9f8e35588364aeed409e5a7373f27ca3218ee88dd4dea18ed,CC-BY-NC-SA-3.0-IGO,
timeline:who-don603-2026-05-21-live:deaths_confirmed_total,2026-05-21,deaths,10,count,who-don603-2026-05-21-live,source_manifest:who-don603-2026-05-21-live,https://www.who.int/emergencies/disease-outbreak-news/item/2026-DON603,90f30cdf884274e9f8e35588364aeed409e5a7373f27ca3218ee88dd4dea18ed,CC-BY-NC-SA-3.0-IGO,
timeline:who-don603-2026-05-21-live:deaths_confirmed_uganda_imported,2026-05-21,deaths,1,count,who-don603-2026-05-21-live,source_manifest:who-don603-2026-05-21-live,https://www.who.int/emergencies/disease-outbreak-news/item/2026-DON603,90f30cdf884274e9f8e35588364aeed409e5a7373f27ca3218ee88dd4dea18ed,CC-BY-NC-SA-3.0-IGO,
timeline:who-don603-2026-05-21-live:deaths_suspected,2026-05-21,deaths,176,count,who-don603-2026-05-21-live,source_manifest:who-don603-2026-05-21-live,https://www.who.int/emergencies/disease-outbreak-news/item/2026-DON603,90f30cdf884274e9f8e35588364aeed409e5a7373f27ca3218ee88dd4dea18ed,CC-BY-NC-SA-3.0-IGO,
timeline:who-don603-2026-05-21-live:deaths_suspected_drc,2026-05-21,deaths,176,count,who-don603-2026-05-21-live,source_manifest:who-don603-2026-05-21-live,https://www.who.int/emergencies/disease-outbreak-news/item/2026-DON603,90f30cdf884274e9f8e35588364aeed409e5a7373f27ca3218ee88dd4dea18ed,CC-BY-NC-SA-3.0-IGO,
timeline:who-don603-2026-05-21-live:health_worker_deaths,2026-05-21,deaths,4,count,who-don603-2026-05-21-live,source_manifest:who-don603-2026-05-21-live,https://www.who.int/emergencies/disease-outbreak-news/item/2026-DON603,90f30cdf884274e9f8e35588364aeed409e5a7373f27ca3218ee88dd4dea18ed,CC-BY-NC-SA-3.0-IGO,
timeline:uk-gov-ebola-eastern-drc-support-2026-05-21-live:funding_gbp_up_to,2026-05-21,funding_gbp_up_to,20000000,count,uk-gov-ebola-eastern-drc-support-2026-05-21-live,source_manifest:uk-gov-ebola-eastern-drc-support-2026-05-21-live,https://www.gov.uk/government/news/uk-steps-up-support-to-stop-spread-of-ebola-in-eastern-drc,730e45ac9ea24ec74b2a4d94188ac8a2e2101f9c92e993f50c2eb9e93b2c2831,OGL-3.0,
timeline:cdc-returning-travelers-info-2026-05-21-live:monitoring_period_days,2026-05-21,monitoring_period_days,21,count,cdc-returning-travelers-info-2026-05-21-live,source_manifest:cdc-returning-travelers-info-2026-05-21-live,https://www.cdc.gov/viral-hemorrhagic-fevers/travel-to-us/index.html,710540d02fb06e391fbab3900d348ba2b1decc1270d518e7f10687731c66c7da,public-domain-us-gov,
timeline:cdc-traveler-management-guidance-2026-05-21-pdf:monitoring_period_days,2026-05-21,monitoring_period_days,21,count,cdc-traveler-management-guidance-2026-05-21-pdf,source_manifest:cdc-traveler-management-guidance-2026-05-21-pdf,https://www.cdc.gov/viral-hemorrhagic-fevers/media/pdfs/Interim-guidance-for-BVD-2026.pdf,2bbbc26e610156366277ef7bb042566485aba5c0709b92cc13ec4e9556b4b1a6,public-domain-us-gov,
timeline:drc-moh-epidemie-dashboard-sitrep-mve-n-007-mvb-17-2026-pdf-2026-05-22:reported_zone_row_totals.cas_confirmes,2026-05-21,reported_zone_row_totals_cas_confirmes,79,count,drc-moh-epidemie-dashboard-sitrep-mve-n-007-mvb-17-2026-pdf-2026-05-22,source_manifest:drc-moh-epidemie-dashboard-sitrep-mve-n-007-mvb-17-2026-pdf-2026-05-22,https://administration.sante.gouv.cd/wp-content/uploads/2026/05/SitRep_MVE_RDC_20260512-FDv2_IM.pdf,0fff304fd19ebc41e80328ff2f319ba903ea9b378f8926857ffc3fad0c537317,publisher-terms-not-confirmed,
timeline:drc-moh-epidemie-dashboard-sitrep-mve-n-007-mvb-17-2026-pdf-2026-05-22:reported_zone_row_totals.cas_suspects,2026-05-21,reported_zone_row_totals_cas_suspects,746,count,drc-moh-epidemie-dashboard-sitrep-mve-n-007-mvb-17-2026-pdf-2026-05-22,source_manifest:drc-moh-epidemie-dashboard-sitrep-mve-n-007-mvb-17-2026-pdf-2026-05-22,https://administration.sante.gouv.cd/wp-content/uploads/2026/05/SitRep_MVE_RDC_20260512-FDv2_IM.pdf,0fff304fd19ebc41e80328ff2f319ba903ea9b378f8926857ffc3fad0c537317,publisher-terms-not-confirmed,
timeline:drc-moh-epidemie-dashboard-sitrep-mve-n-007-mvb-17-2026-pdf-2026-05-22:reported_zone_row_totals.deces,2026-05-21,reported_zone_row_totals_deces,176,count,drc-moh-epidemie-dashboard-sitrep-mve-n-007-mvb-17-2026-pdf-2026-05-22,source_manifest:drc-moh-epidemie-dashboard-sitrep-mve-n-007-mvb-17-2026-pdf-2026-05-22,https://administration.sante.gouv.cd/wp-content/uploads/2026/05/SitRep_MVE_RDC_20260512-FDv2_IM.pdf,0fff304fd19ebc41e80328ff2f319ba903ea9b378f8926857ffc3fad0c537317,publisher-terms-not-confirmed,
timeline:cdc-current-situation-2026-05-21:cases_suspected,2026-05-21,suspected_cases,575,count,cdc-current-situation-2026-05-21,source_manifest:cdc-current-situation-2026-05-21,https://www.cdc.gov/ebola/situation-summary/index.html,4787fab45a60afe1cbd42463877163acc4863a7298b7b2edefb2c005ae3b916b,public-domain-us-gov,
timeline:drc-moh-epidemie-dashboard-sitrep-mve-n-007-mvb-17-2026-pdf-2026-05-22:affected_health_zones.bambu.suspected,2026-05-21,suspected_cases,2,count,drc-moh-epidemie-dashboard-sitrep-mve-n-007-mvb-17-2026-pdf-2026-05-22,source_manifest:drc-moh-epidemie-dashboard-sitrep-mve-n-007-mvb-17-2026-pdf-2026-05-22,https://administration.sante.gouv.cd/wp-content/uploads/2026/05/SitRep_MVE_RDC_20260512-FDv2_IM.pdf,0fff304fd19ebc41e80328ff2f319ba903ea9b378f8926857ffc3fad0c537317,publisher-terms-not-confirmed,
timeline:drc-moh-epidemie-dashboard-sitrep-mve-n-007-mvb-17-2026-pdf-2026-05-22:affected_health_zones.bunia.suspected,2026-05-21,suspected_cases,166,count,drc-moh-epidemie-dashboard-sitrep-mve-n-007-mvb-17-2026-pdf-2026-05-22,source_manifest:drc-moh-epidemie-dashboard-sitrep-mve-n-007-mvb-17-2026-pdf-2026-05-22,https://administration.sante.gouv.cd/wp-content/uploads/2026/05/SitRep_MVE_RDC_20260512-FDv2_IM.pdf,0fff304fd19ebc41e80328ff2f319ba903ea9b378f8926857ffc3fad0c537317,publisher-terms-not-confirmed,
timeline:drc-moh-epidemie-dashboard-sitrep-mve-n-007-mvb-17-2026-pdf-2026-05-22:affected_health_zones.butembo.suspected,2026-05-21,suspected_cases,7,count,drc-moh-epidemie-dashboard-sitrep-mve-n-007-mvb-17-2026-pdf-2026-05-22,source_manifest:drc-moh-epidemie-dashboard-sitrep-mve-n-007-mvb-17-2026-pdf-2026-05-22,https://administration.sante.gouv.cd/wp-content/uploads/2026/05/SitRep_MVE_RDC_20260512-FDv2_IM.pdf,0fff304fd19ebc41e80328ff2f319ba903ea9b378f8926857ffc3fad0c537317,publisher-terms-not-confirmed,
timeline:drc-moh-epidemie-dashboard-sitrep-mve-n-007-mvb-17-2026-pdf-2026-05-22:affected_health_zones.goma.suspected,2026-05-21,suspected_cases,0,count,drc-moh-epidemie-dashboard-sitrep-mve-n-007-mvb-17-2026-pdf-2026-05-22,source_manifest:drc-moh-epidemie-dashboard-sitrep-mve-n-007-mvb-17-2026-pdf-2026-05-22,https://administration.sante.gouv.cd/wp-content/uploads/2026/05/SitRep_MVE_RDC_20260512-FDv2_IM.pdf,0fff304fd19ebc41e80328ff2f319ba903ea9b378f8926857ffc3fad0c537317,publisher-terms-not-confirmed,
timeline:drc-moh-epidemie-dashboard-sitrep-mve-n-007-mvb-17-2026-pdf-2026-05-22:affected_health_zones.katwa.suspected,2026-05-21,suspected_cases,13,count,drc-moh-epidemie-dashboard-sitrep-mve-n-007-mvb-17-2026-pdf-2026-05-22,source_manifest:drc-moh-epidemie-dashboard-sitrep-mve-n-007-mvb-17-2026-pdf-2026-05-22,https://administration.sante.gouv.cd/wp-content/uploads/2026/05/SitRep_MVE_RDC_20260512-FDv2_IM.pdf,0fff304fd19ebc41e80328ff2f319ba903ea9b378f8926857ffc3fad0c537317,publisher-terms-not-confirmed,
timeline:drc-moh-epidemie-dashboard-sitrep-mve-n-007-mvb-17-2026-pdf-2026-05-22:affected_health_zones.kilo.suspected,2026-05-21,suspected_cases,1,count,drc-moh-epidemie-dashboard-sitrep-mve-n-007-mvb-17-2026-pdf-2026-05-22,source_manifest:drc-moh-epidemie-dashboard-sitrep-mve-n-007-mvb-17-2026-pdf-2026-05-22,https://administration.sante.gouv.cd/wp-content/uploads/2026/05/SitRep_MVE_RDC_20260512-FDv2_IM.pdf,0fff304fd19ebc41e80328ff2f319ba903ea9b378f8926857ffc3fad0c537317,publisher-terms-not-confirmed,
timeline:drc-moh-epidemie-dashboard-sitrep-mve-n-007-mvb-17-2026-pdf-2026-05-22:affected_health_zones.miti-murhesa.suspected,2026-05-21,suspected_cases,1,count,drc-moh-epidemie-dashboard-sitrep-mve-n-007-mvb-17-2026-pdf-2026-05-22,source_manifest:drc-moh-epidemie-dashboard-sitrep-mve-n-007-mvb-17-2026-pdf-2026-05-22,https://administration.sante.gouv.cd/wp-content/uploads/2026/05/SitRep_MVE_RDC_20260512-FDv2_IM.pdf,0fff304fd19ebc41e80328ff2f319ba903ea9b378f8926857ffc3fad0c537317,publisher-terms-not-confirmed,
timeline:drc-moh-epidemie-dashboard-sitrep-mve-n-007-mvb-17-2026-pdf-2026-05-22:affected_health_zones.mongbwalu.suspected,2026-05-21,suspected_cases,322,count,drc-moh-epidemie-dashboard-sitrep-mve-n-007-mvb-17-2026-pdf-2026-05-22,source_manifest:drc-moh-epidemie-dashboard-sitrep-mve-n-007-mvb-17-2026-pdf-2026-05-22,https://administration.sante.gouv.cd/wp-content/uploads/2026/05/SitRep_MVE_RDC_20260512-FDv2_IM.pdf,0fff304fd19ebc41e80328ff2f319ba903ea9b378f8926857ffc3fad0c537317,publisher-terms-not-confirmed,
timeline:drc-moh-epidemie-dashboard-sitrep-mve-n-007-mvb-17-2026-pdf-2026-05-22:affected_health_zones.nizi.suspected,2026-05-21,suspected_cases,3,count,drc-moh-epidemie-dashboard-sitrep-mve-n-007-mvb-17-2026-pdf-2026-05-22,source_manifest:drc-moh-epidemie-dashboard-sitrep-mve-n-007-mvb-17-2026-pdf-2026-05-22,https://administration.sante.gouv.cd/wp-content/uploads/2026/05/SitRep_MVE_RDC_20260512-FDv2_IM.pdf,0fff304fd19ebc41e80328ff2f319ba903ea9b378f8926857ffc3fad0c537317,publisher-terms-not-confirmed,
timeline:drc-moh-epidemie-dashboard-sitrep-mve-n-007-mvb-17-2026-pdf-2026-05-22:affected_health_zones.nyankunde.suspected,2026-05-21,suspected_cases,38,count,drc-moh-epidemie-dashboard-sitrep-mve-n-007-mvb-17-2026-pdf-2026-05-22,source_manifest:drc-moh-epidemie-dashboard-sitrep-mve-n-007-mvb-17-2026-pdf-2026-05-22,https://administration.sante.gouv.cd/wp-content/uploads/2026/05/SitRep_MVE_RDC_20260512-FDv2_IM.pdf,0fff304fd19ebc41e80328ff2f319ba903ea9b378f8926857ffc3fad0c537317,publisher-terms-not-confirmed,
timeline:drc-moh-epidemie-dashboard-sitrep-mve-n-007-mvb-17-2026-pdf-2026-05-22:affected_health_zones.rwampara.suspected,2026-05-21,suspected_cases,193,count,drc-moh-epidemie-dashboard-sitrep-mve-n-007-mvb-17-2026-pdf-2026-05-22,source_manifest:drc-moh-epidemie-dashboard-sitrep-mve-n-007-mvb-17-2026-pdf-2026-05-22,https://administration.sante.gouv.cd/wp-content/uploads/2026/05/SitRep_MVE_RDC_20260512-FDv2_IM.pdf,0fff304fd19ebc41e80328ff2f319ba903ea9b378f8926857ffc3fad0c537317,publisher-terms-not-confirmed,
timeline:drc-moh-epidemie-dashboard-sitrep-mve-n-007-mvb-17-2026-pdf-2026-05-22:cases_suspected,2026-05-21,suspected_cases,746,count,drc-moh-epidemie-dashboard-sitrep-mve-n-007-mvb-17-2026-pdf-2026-05-22,source_manifest:drc-moh-epidemie-dashboard-sitrep-mve-n-007-mvb-17-2026-pdf-2026-05-22,https://administration.sante.gouv.cd/wp-content/uploads/2026/05/SitRep_MVE_RDC_20260512-FDv2_IM.pdf,0fff304fd19ebc41e80328ff2f319ba903ea9b378f8926857ffc3fad0c537317,publisher-terms-not-confirmed,
timeline:who-don603-2026-05-21-live:cases_suspected,2026-05-21,suspected_cases,746,count,who-don603-2026-05-21-live,source_manifest:who-don603-2026-05-21-live,https://www.who.int/emergencies/disease-outbreak-news/item/2026-DON603,90f30cdf884274e9f8e35588364aeed409e5a7373f27ca3218ee88dd4dea18ed,CC-BY-NC-SA-3.0-IGO,
timeline:who-don603-2026-05-21-live:cases_suspected_drc,2026-05-21,suspected_cases,746,count,who-don603-2026-05-21-live,source_manifest:who-don603-2026-05-21-live,https://www.who.int/emergencies/disease-outbreak-news/item/2026-DON603,90f30cdf884274e9f8e35588364aeed409e5a7373f27ca3218ee88dd4dea18ed,CC-BY-NC-SA-3.0-IGO,
timeline:cdc-current-situation-2026-05-22:cases_confirmed,2026-05-22,confirmed_cases,83,count,cdc-current-situation-2026-05-22,source_manifest:cdc-current-situation-2026-05-22,https://www.cdc.gov/ebola/situation-summary/index.html,d54c4ff83a08ee0a779d265c94262fb6571f4599cd811a9b9399ff8e93a76ac9,public-domain-us-gov,
timeline:ecdc-bdbv-drc-uga-2026-05-22-live:cases_confirmed,2026-05-22,confirmed_cases,60,count,ecdc-bdbv-drc-uga-2026-05-22-live,source_manifest:ecdc-bdbv-drc-uga-2026-05-22-live,https://www.ecdc.europa.eu/en/ebola-virus-disease-outbreak-democratic-republic-congo-and-uganda-19-may-2026,c2193bdb59db2f64df649f87d859b61fb3d1e65cf3c00a9ddd1e3da30a254bfa,CC-BY-4.0,
timeline:who-dg-remarks-bdbv-2026-05-22:cases_confirmed_drc,2026-05-22,confirmed_cases,82,count,who-dg-remarks-bdbv-2026-05-22,source_manifest:who-dg-remarks-bdbv-2026-05-22,https://www.who.int/news-room/speeches/item/who-director-general-s-opening-remarks-at-the-member-state-information-session-on-outbreaks-of-ebola-and-hantavirus-22-may-2026,40367f2982e766cd8d12f4f223e420d6c4739f4ed1345c8584541619ec061495,CC-BY-NC-SA-3.0-IGO,
timeline:who-dg-remarks-bdbv-2026-05-22:cases_confirmed_total,2026-05-22,confirmed_cases,84,count,who-dg-remarks-bdbv-2026-05-22,source_manifest:who-dg-remarks-bdbv-2026-05-22,https://www.who.int/news-room/speeches/item/who-director-general-s-opening-remarks-at-the-member-state-information-session-on-outbreaks-of-ebola-and-hantavirus-22-may-2026,40367f2982e766cd8d12f4f223e420d6c4739f4ed1345c8584541619ec061495,CC-BY-NC-SA-3.0-IGO,
timeline:who-dg-remarks-bdbv-2026-05-22:cases_confirmed_uganda_imported,2026-05-22,confirmed_cases,2,count,who-dg-remarks-bdbv-2026-05-22,source_manifest:who-dg-remarks-bdbv-2026-05-22,https://www.who.int/news-room/speeches/item/who-director-general-s-opening-remarks-at-the-member-state-information-session-on-outbreaks-of-ebola-and-hantavirus-22-may-2026,40367f2982e766cd8d12f4f223e420d6c4739f4ed1345c8584541619ec061495,CC-BY-NC-SA-3.0-IGO,
timeline:who-ihr-ec-bdbv-temporary-recommendations-2026-05-22:cases_confirmed_uganda_imported,2026-05-22,confirmed_cases,2,count,who-ihr-ec-bdbv-temporary-recommendations-2026-05-22,source_manifest:who-ihr-ec-bdbv-temporary-recommendations-2026-05-22,https://www.who.int/news/item/22-05-2026-first-meeting-of-the-ihr-emergency-committee-regarding-the-epidemic-of-ebola-bundibugyo-virus-disease-in-the-democratic-republic-of-the-congo-and-uganda-2026-temporary-recommendations,0e9c3f1bd14aca694c115df854ec2bd290f24240b29c84fc5617e7374d3ba4e4,CC-BY-NC-SA-3.0-IGO,
timeline:cdc-current-situation-2026-05-22:deaths_suspected,2026-05-22,deaths,176,count,cdc-current-situation-2026-05-22,source_manifest:cdc-current-situation-2026-05-22,https://www.cdc.gov/ebola/situation-summary/index.html,d54c4ff83a08ee0a779d265c94262fb6571f4599cd811a9b9399ff8e93a76ac9,public-domain-us-gov,
timeline:ecdc-bdbv-drc-uga-2026-05-22-live:deaths_suspected,2026-05-22,deaths,160,count,ecdc-bdbv-drc-uga-2026-05-22-live,source_manifest:ecdc-bdbv-drc-uga-2026-05-22-live,https://www.ecdc.europa.eu/en/ebola-virus-disease-outbreak-democratic-republic-congo-and-uganda-19-may-2026,c2193bdb59db2f64df649f87d859b61fb3d1e65cf3c00a9ddd1e3da30a254bfa,CC-BY-4.0,
timeline:who-dg-remarks-bdbv-2026-05-22:deaths_confirmed_drc,2026-05-22,deaths,7,count,who-dg-remarks-bdbv-2026-05-22,source_manifest:who-dg-remarks-bdbv-2026-05-22,https://www.who.int/news-room/speeches/item/who-director-general-s-opening-remarks-at-the-member-state-information-session-on-outbreaks-of-ebola-and-hantavirus-22-may-2026,40367f2982e766cd8d12f4f223e420d6c4739f4ed1345c8584541619ec061495,CC-BY-NC-SA-3.0-IGO,
timeline:who-dg-remarks-bdbv-2026-05-22:deaths_confirmed_uganda_imported,2026-05-22,deaths,1,count,who-dg-remarks-bdbv-2026-05-22,source_manifest:who-dg-remarks-bdbv-2026-05-22,https://www.who.int/news-room/speeches/item/who-director-general-s-opening-remarks-at-the-member-state-information-session-on-outbreaks-of-ebola-and-hantavirus-22-may-2026,40367f2982e766cd8d12f4f223e420d6c4739f4ed1345c8584541619ec061495,CC-BY-NC-SA-3.0-IGO,
timeline:who-dg-remarks-bdbv-2026-05-22:deaths_suspected,2026-05-22,deaths,177,count,who-dg-remarks-bdbv-2026-05-22,source_manifest:who-dg-remarks-bdbv-2026-05-22,https://www.who.int/news-room/speeches/item/who-director-general-s-opening-remarks-at-the-member-state-information-session-on-outbreaks-of-ebola-and-hantavirus-22-may-2026,40367f2982e766cd8d12f4f223e420d6c4739f4ed1345c8584541619ec061495,CC-BY-NC-SA-3.0-IGO,
timeline:cdc-returning-travelers-info-2026-05-22-live:monitoring_period_days,2026-05-22,monitoring_period_days,21,count,cdc-returning-travelers-info-2026-05-22-live,source_manifest:cdc-returning-travelers-info-2026-05-22-live,https://www.cdc.gov/viral-hemorrhagic-fevers/travel-to-us/index.html,2d4f975e4da66f8df70f3e9047c8157497aa7119838217fd931bc2fa1f2b8fe7,public-domain-us-gov,
timeline:cdc-traveler-management-guidance-2026-05-22-live:monitoring_period_days,2026-05-22,monitoring_period_days,21,count,cdc-traveler-management-guidance-2026-05-22-live,source_manifest:cdc-traveler-management-guidance-2026-05-22-live,https://www.cdc.gov/viral-hemorrhagic-fevers/php/php/public-health-strategy/ebola-outbreak-interim-guidance.html,e2a43466b54f77ea7c825a2f68f862b7d00650890fde5c15e38faada5376f4df,public-domain-us-gov,
timeline:cdc-current-situation-2026-05-22:cases_suspected,2026-05-22,suspected_cases,744,count,cdc-current-situation-2026-05-22,source_manifest:cdc-current-situation-2026-05-22,https://www.cdc.gov/ebola/situation-summary/index.html,d54c4ff83a08ee0a779d265c94262fb6571f4599cd811a9b9399ff8e93a76ac9,public-domain-us-gov,
timeline:ecdc-bdbv-drc-uga-2026-05-22-live:cases_suspected,2026-05-22,suspected_cases,650,count,ecdc-bdbv-drc-uga-2026-05-22-live,source_manifest:ecdc-bdbv-drc-uga-2026-05-22-live,https://www.ecdc.europa.eu/en/ebola-virus-disease-outbreak-democratic-republic-congo-and-uganda-19-may-2026,c2193bdb59db2f64df649f87d859b61fb3d1e65cf3c00a9ddd1e3da30a254bfa,CC-BY-4.0,
timeline:who-dg-remarks-bdbv-2026-05-22:cases_suspected_approx,2026-05-22,suspected_cases,750,count,who-dg-remarks-bdbv-2026-05-22,source_manifest:who-dg-remarks-bdbv-2026-05-22,https://www.who.int/news-room/speeches/item/who-director-general-s-opening-remarks-at-the-member-state-information-session-on-outbreaks-of-ebola-and-hantavirus-22-may-2026,40367f2982e766cd8d12f4f223e420d6c4739f4ed1345c8584541619ec061495,CC-BY-NC-SA-3.0-IGO,
timeline:cdc-current-situation-2026-05-23:cases_confirmed,2026-05-23,confirmed_cases,88,count,cdc-current-situation-2026-05-23,source_manifest:cdc-current-situation-2026-05-23,https://www.cdc.gov/ebola/situation-summary/index.html,1fa637ba0cb4ab11c50438b226bf00ebeca62757eda73a5738f4e6f231cdaed8,public-domain-us-gov,
timeline:cdc-current-situation-2026-05-23:cases_confirmed_drc,2026-05-23,confirmed_cases,83,count,cdc-current-situation-2026-05-23,source_manifest:cdc-current-situation-2026-05-23,https://www.cdc.gov/ebola/situation-summary/index.html,1fa637ba0cb4ab11c50438b226bf00ebeca62757eda73a5738f4e6f231cdaed8,public-domain-us-gov,
timeline:cdc-current-situation-2026-05-23:cases_confirmed_total,2026-05-23,confirmed_cases,88,count,cdc-current-situation-2026-05-23,source_manifest:cdc-current-situation-2026-05-23,https://www.cdc.gov/ebola/situation-summary/index.html,1fa637ba0cb4ab11c50438b226bf00ebeca62757eda73a5738f4e6f231cdaed8,public-domain-us-gov,
timeline:cdc-current-situation-2026-05-23:cases_confirmed_uganda,2026-05-23,confirmed_cases,5,count,cdc-current-situation-2026-05-23,source_manifest:cdc-current-situation-2026-05-23,https://www.cdc.gov/ebola/situation-summary/index.html,1fa637ba0cb4ab11c50438b226bf00ebeca62757eda73a5738f4e6f231cdaed8,public-domain-us-gov,
timeline:cdc-current-situation-2026-05-23:cases_confirmed_united_states,2026-05-23,confirmed_cases,0,count,cdc-current-situation-2026-05-23,source_manifest:cdc-current-situation-2026-05-23,https://www.cdc.gov/ebola/situation-summary/index.html,1fa637ba0cb4ab11c50438b226bf00ebeca62757eda73a5738f4e6f231cdaed8,public-domain-us-gov,
timeline:cdc-current-situation-2026-05-23:new_confirmed_cases_uganda,2026-05-23,confirmed_cases,3,count,cdc-current-situation-2026-05-23,source_manifest:cdc-current-situation-2026-05-23,https://www.cdc.gov/ebola/situation-summary/index.html,1fa637ba0cb4ab11c50438b226bf00ebeca62757eda73a5738f4e6f231cdaed8,public-domain-us-gov,
timeline:ecdc-bdbv-drc-uga-2026-05-25-live:cases_confirmed,2026-05-23,confirmed_cases,101,count,ecdc-bdbv-drc-uga-2026-05-25-live,source_manifest:ecdc-bdbv-drc-uga-2026-05-25-live,https://www.ecdc.europa.eu/en/ebola-virus-disease-outbreak-democratic-republic-congo-and-uganda-19-may-2026,0636fc9b56903b84f738b1662879a6374d98946d3bb7fd58d20b4fed012ff57c,CC-BY-4.0,
timeline:ecdc-bdbv-drc-uga-2026-05-25-live:cases_confirmed_drc,2026-05-23,confirmed_cases,101,count,ecdc-bdbv-drc-uga-2026-05-25-live,source_manifest:ecdc-bdbv-drc-uga-2026-05-25-live,https://www.ecdc.europa.eu/en/ebola-virus-disease-outbreak-democratic-republic-congo-and-uganda-19-may-2026,0636fc9b56903b84f738b1662879a6374d98946d3bb7fd58d20b4fed012ff57c,CC-BY-4.0,
timeline:ecdc-bdbv-drc-uga-2026-05-25-live:cases_confirmed_uganda,2026-05-23,confirmed_cases,7,count,ecdc-bdbv-drc-uga-2026-05-25-live,source_manifest:ecdc-bdbv-drc-uga-2026-05-25-live,https://www.ecdc.europa.eu/en/ebola-virus-disease-outbreak-democratic-republic-congo-and-uganda-19-may-2026,0636fc9b56903b84f738b1662879a6374d98946d3bb7fd58d20b4fed012ff57c,CC-BY-4.0,
timeline:ecdc-bdbv-drc-uga-2026-05-25-live:contacts_followed_percent,2026-05-23,contacts_followed_percent,20,count,ecdc-bdbv-drc-uga-2026-05-25-live,source_manifest:ecdc-bdbv-drc-uga-2026-05-25-live,https://www.ecdc.europa.eu/en/ebola-virus-disease-outbreak-democratic-republic-congo-and-uganda-19-may-2026,0636fc9b56903b84f738b1662879a6374d98946d3bb7fd58d20b4fed012ff57c,CC-BY-4.0,
timeline:ecdc-bdbv-drc-uga-2026-05-25-live:contacts_identified_drc,2026-05-23,contacts_identified_drc,1745,count,ecdc-bdbv-drc-uga-2026-05-25-live,source_manifest:ecdc-bdbv-drc-uga-2026-05-25-live,https://www.ecdc.europa.eu/en/ebola-virus-disease-outbreak-democratic-republic-congo-and-uganda-19-may-2026,0636fc9b56903b84f738b1662879a6374d98946d3bb7fd58d20b4fed012ff57c,CC-BY-4.0,
timeline:cdc-current-situation-2026-05-23:deaths_confirmed_drc,2026-05-23,deaths,9,count,cdc-current-situation-2026-05-23,source_manifest:cdc-current-situation-2026-05-23,https://www.cdc.gov/ebola/situation-summary/index.html,1fa637ba0cb4ab11c50438b226bf00ebeca62757eda73a5738f4e6f231cdaed8,public-domain-us-gov,
timeline:cdc-current-situation-2026-05-23:deaths_suspected,2026-05-23,deaths,176,count,cdc-current-situation-2026-05-23,source_manifest:cdc-current-situation-2026-05-23,https://www.cdc.gov/ebola/situation-summary/index.html,1fa637ba0cb4ab11c50438b226bf00ebeca62757eda73a5738f4e6f231cdaed8,public-domain-us-gov,
timeline:cdc-current-situation-2026-05-23:deaths_suspected_drc,2026-05-23,deaths,176,count,cdc-current-situation-2026-05-23,source_manifest:cdc-current-situation-2026-05-23,https://www.cdc.gov/ebola/situation-summary/index.html,1fa637ba0cb4ab11c50438b226bf00ebeca62757eda73a5738f4e6f231cdaed8,public-domain-us-gov,
timeline:cdc-current-situation-2026-05-23:deaths_uganda,2026-05-23,deaths,1,count,cdc-current-situation-2026-05-23,source_manifest:cdc-current-situation-2026-05-23,https://www.cdc.gov/ebola/situation-summary/index.html,1fa637ba0cb4ab11c50438b226bf00ebeca62757eda73a5738f4e6f231cdaed8,public-domain-us-gov,
timeline:ecdc-bdbv-drc-uga-2026-05-25-live:deaths_confirmed_drc,2026-05-23,deaths,10,count,ecdc-bdbv-drc-uga-2026-05-25-live,source_manifest:ecdc-bdbv-drc-uga-2026-05-25-live,https://www.ecdc.europa.eu/en/ebola-virus-disease-outbreak-democratic-republic-congo-and-uganda-19-may-2026,0636fc9b56903b84f738b1662879a6374d98946d3bb7fd58d20b4fed012ff57c,CC-BY-4.0,
timeline:ecdc-bdbv-drc-uga-2026-05-25-live:deaths_suspected,2026-05-23,deaths,119,count,ecdc-bdbv-drc-uga-2026-05-25-live,source_manifest:ecdc-bdbv-drc-uga-2026-05-25-live,https://www.ecdc.europa.eu/en/ebola-virus-disease-outbreak-democratic-republic-congo-and-uganda-19-may-2026,0636fc9b56903b84f738b1662879a6374d98946d3bb7fd58d20b4fed012ff57c,CC-BY-4.0,
timeline:ecdc-bdbv-drc-uga-2026-05-25-live:deaths_uganda,2026-05-23,deaths,1,count,ecdc-bdbv-drc-uga-2026-05-25-live,source_manifest:ecdc-bdbv-drc-uga-2026-05-25-live,https://www.ecdc.europa.eu/en/ebola-virus-disease-outbreak-democratic-republic-congo-and-uganda-19-may-2026,0636fc9b56903b84f738b1662879a6374d98946d3bb7fd58d20b4fed012ff57c,CC-BY-4.0,
timeline:cdc-current-situation-2026-05-23:cases_suspected,2026-05-23,suspected_cases,746,count,cdc-current-situation-2026-05-23,source_manifest:cdc-current-situation-2026-05-23,https://www.cdc.gov/ebola/situation-summary/index.html,1fa637ba0cb4ab11c50438b226bf00ebeca62757eda73a5738f4e6f231cdaed8,public-domain-us-gov,
timeline:cdc-current-situation-2026-05-23:cases_suspected_drc,2026-05-23,suspected_cases,746,count,cdc-current-situation-2026-05-23,source_manifest:cdc-current-situation-2026-05-23,https://www.cdc.gov/ebola/situation-summary/index.html,1fa637ba0cb4ab11c50438b226bf00ebeca62757eda73a5738f4e6f231cdaed8,public-domain-us-gov,
timeline:ecdc-bdbv-drc-uga-2026-05-25-live:cases_suspected,2026-05-23,suspected_cases,904,count,ecdc-bdbv-drc-uga-2026-05-25-live,source_manifest:ecdc-bdbv-drc-uga-2026-05-25-live,https://www.ecdc.europa.eu/en/ebola-virus-disease-outbreak-democratic-republic-congo-and-uganda-19-may-2026,0636fc9b56903b84f738b1662879a6374d98946d3bb7fd58d20b4fed012ff57c,CC-BY-4.0,
timeline:cdc-current-situation-2026-05-24:cases_confirmed,2026-05-24,confirmed_cases,106,count,cdc-current-situation-2026-05-24,source_manifest:cdc-current-situation-2026-05-24,https://www.cdc.gov/ebola/situation-summary/index.html,b33e81ab0e2af289ccde2ed4685a4a380f3397693ed2f6864e54a0f65227dc7d,public-domain-us-gov,
timeline:cdc-current-situation-2026-05-24:cases_confirmed_drc,2026-05-24,confirmed_cases,101,count,cdc-current-situation-2026-05-24,source_manifest:cdc-current-situation-2026-05-24,https://www.cdc.gov/ebola/situation-summary/index.html,b33e81ab0e2af289ccde2ed4685a4a380f3397693ed2f6864e54a0f65227dc7d,public-domain-us-gov,
timeline:cdc-current-situation-2026-05-24:cases_confirmed_total,2026-05-24,confirmed_cases,106,count,cdc-current-situation-2026-05-24,source_manifest:cdc-current-situation-2026-05-24,https://www.cdc.gov/ebola/situation-summary/index.html,b33e81ab0e2af289ccde2ed4685a4a380f3397693ed2f6864e54a0f65227dc7d,public-domain-us-gov,
timeline:cdc-current-situation-2026-05-24:cases_confirmed_uganda,2026-05-24,confirmed_cases,5,count,cdc-current-situation-2026-05-24,source_manifest:cdc-current-situation-2026-05-24,https://www.cdc.gov/ebola/situation-summary/index.html,b33e81ab0e2af289ccde2ed4685a4a380f3397693ed2f6864e54a0f65227dc7d,public-domain-us-gov,
timeline:cdc-current-situation-2026-05-24:cases_confirmed_united_states,2026-05-24,confirmed_cases,0,count,cdc-current-situation-2026-05-24,source_manifest:cdc-current-situation-2026-05-24,https://www.cdc.gov/ebola/situation-summary/index.html,b33e81ab0e2af289ccde2ed4685a4a380f3397693ed2f6864e54a0f65227dc7d,public-domain-us-gov,
timeline:cdc-current-situation-2026-05-24:new_confirmed_cases_uganda,2026-05-24,confirmed_cases,3,count,cdc-current-situation-2026-05-24,source_manifest:cdc-current-situation-2026-05-24,https://www.cdc.gov/ebola/situation-summary/index.html,b33e81ab0e2af289ccde2ed4685a4a380f3397693ed2f6864e54a0f65227dc7d,public-domain-us-gov,
timeline:cdc-current-situation-2026-05-24:deaths_confirmed_drc,2026-05-24,deaths,10,count,cdc-current-situation-2026-05-24,source_manifest:cdc-current-situation-2026-05-24,https://www.cdc.gov/ebola/situation-summary/index.html,b33e81ab0e2af289ccde2ed4685a4a380f3397693ed2f6864e54a0f65227dc7d,public-domain-us-gov,
timeline:cdc-current-situation-2026-05-24:deaths_suspected,2026-05-24,deaths,119,count,cdc-current-situation-2026-05-24,source_manifest:cdc-current-situation-2026-05-24,https://www.cdc.gov/ebola/situation-summary/index.html,b33e81ab0e2af289ccde2ed4685a4a380f3397693ed2f6864e54a0f65227dc7d,public-domain-us-gov,
timeline:cdc-current-situation-2026-05-24:deaths_suspected_drc,2026-05-24,deaths,119,count,cdc-current-situation-2026-05-24,source_manifest:cdc-current-situation-2026-05-24,https://www.cdc.gov/ebola/situation-summary/index.html,b33e81ab0e2af289ccde2ed4685a4a380f3397693ed2f6864e54a0f65227dc7d,public-domain-us-gov,
timeline:cdc-current-situation-2026-05-24:deaths_uganda,2026-05-24,deaths,1,count,cdc-current-situation-2026-05-24,source_manifest:cdc-current-situation-2026-05-24,https://www.cdc.gov/ebola/situation-summary/index.html,b33e81ab0e2af289ccde2ed4685a4a380f3397693ed2f6864e54a0f65227dc7d,public-domain-us-gov,
timeline:cdc-current-situation-2026-05-24:cases_suspected,2026-05-24,suspected_cases,904,count,cdc-current-situation-2026-05-24,source_manifest:cdc-current-situation-2026-05-24,https://www.cdc.gov/ebola/situation-summary/index.html,b33e81ab0e2af289ccde2ed4685a4a380f3397693ed2f6864e54a0f65227dc7d,public-domain-us-gov,
timeline:cdc-current-situation-2026-05-24:cases_suspected_drc,2026-05-24,suspected_cases,904,count,cdc-current-situation-2026-05-24,source_manifest:cdc-current-situation-2026-05-24,https://www.cdc.gov/ebola/situation-summary/index.html,b33e81ab0e2af289ccde2ed4685a4a380f3397693ed2f6864e54a0f65227dc7d,public-domain-us-gov,
timeline:cdc-current-situation-2026-05-25:cases_confirmed,2026-05-25,confirmed_cases,112,count,cdc-current-situation-2026-05-25,source_manifest:cdc-current-situation-2026-05-25,https://www.cdc.gov/ebola/situation-summary/index.html,77d396c0a888d13dc3a1cbf6cdd977d5049df73624bbec36a0877a170555a1c9,public-domain-us-gov,
timeline:cdc-current-situation-2026-05-25:cases_confirmed_drc,2026-05-25,confirmed_cases,105,count,cdc-current-situation-2026-05-25,source_manifest:cdc-current-situation-2026-05-25,https://www.cdc.gov/ebola/situation-summary/index.html,77d396c0a888d13dc3a1cbf6cdd977d5049df73624bbec36a0877a170555a1c9,public-domain-us-gov,
timeline:cdc-current-situation-2026-05-25:cases_confirmed_total,2026-05-25,confirmed_cases,112,count,cdc-current-situation-2026-05-25,source_manifest:cdc-current-situation-2026-05-25,https://www.cdc.gov/ebola/situation-summary/index.html,77d396c0a888d13dc3a1cbf6cdd977d5049df73624bbec36a0877a170555a1c9,public-domain-us-gov,
timeline:cdc-current-situation-2026-05-25:cases_confirmed_uganda,2026-05-25,confirmed_cases,7,count,cdc-current-situation-2026-05-25,source_manifest:cdc-current-situation-2026-05-25,https://www.cdc.gov/ebola/situation-summary/index.html,77d396c0a888d13dc3a1cbf6cdd977d5049df73624bbec36a0877a170555a1c9,public-domain-us-gov,
timeline:cdc-current-situation-2026-05-25:cases_confirmed_united_states,2026-05-25,confirmed_cases,0,count,cdc-current-situation-2026-05-25,source_manifest:cdc-current-situation-2026-05-25,https://www.cdc.gov/ebola/situation-summary/index.html,77d396c0a888d13dc3a1cbf6cdd977d5049df73624bbec36a0877a170555a1c9,public-domain-us-gov,
timeline:ecdc-bdbv-drc-uga-2026-05-26-live:cases_confirmed_drc,2026-05-25,confirmed_cases,105,count,ecdc-bdbv-drc-uga-2026-05-26-live,source_manifest:ecdc-bdbv-drc-uga-2026-05-26-live,https://www.ecdc.europa.eu/en/ebola-virus-disease-outbreak-democratic-republic-congo-and-uganda-19-may-2026,d455dcaca4e5239f23951ef82dec77211ff9de963cfd6e2c12ecf7c3d8378977,CC-BY-4.0,
timeline:ecdc-bdbv-drc-uga-2026-05-26-live:cases_confirmed_total,2026-05-25,confirmed_cases,112,count,ecdc-bdbv-drc-uga-2026-05-26-live,source_manifest:ecdc-bdbv-drc-uga-2026-05-26-live,https://www.ecdc.europa.eu/en/ebola-virus-disease-outbreak-democratic-republic-congo-and-uganda-19-may-2026,d455dcaca4e5239f23951ef82dec77211ff9de963cfd6e2c12ecf7c3d8378977,CC-BY-4.0,
timeline:ecdc-bdbv-drc-uga-2026-05-26-live:cases_confirmed_uganda,2026-05-25,confirmed_cases,7,count,ecdc-bdbv-drc-uga-2026-05-26-live,source_manifest:ecdc-bdbv-drc-uga-2026-05-26-live,https://www.ecdc.europa.eu/en/ebola-virus-disease-outbreak-democratic-republic-congo-and-uganda-19-may-2026,d455dcaca4e5239f23951ef82dec77211ff9de963cfd6e2c12ecf7c3d8378977,CC-BY-4.0,
timeline:cdc-current-situation-2026-05-25:deaths_confirmed_drc,2026-05-25,deaths,10,count,cdc-current-situation-2026-05-25,source_manifest:cdc-current-situation-2026-05-25,https://www.cdc.gov/ebola/situation-summary/index.html,77d396c0a888d13dc3a1cbf6cdd977d5049df73624bbec36a0877a170555a1c9,public-domain-us-gov,
timeline:cdc-current-situation-2026-05-25:deaths_suspected,2026-05-25,deaths,223,count,cdc-current-situation-2026-05-25,source_manifest:cdc-current-situation-2026-05-25,https://www.cdc.gov/ebola/situation-summary/index.html,77d396c0a888d13dc3a1cbf6cdd977d5049df73624bbec36a0877a170555a1c9,public-domain-us-gov,
timeline:cdc-current-situation-2026-05-25:deaths_suspected_drc,2026-05-25,deaths,223,count,cdc-current-situation-2026-05-25,source_manifest:cdc-current-situation-2026-05-25,https://www.cdc.gov/ebola/situation-summary/index.html,77d396c0a888d13dc3a1cbf6cdd977d5049df73624bbec36a0877a170555a1c9,public-domain-us-gov,
timeline:cdc-current-situation-2026-05-25:deaths_uganda,2026-05-25,deaths,1,count,cdc-current-situation-2026-05-25,source_manifest:cdc-current-situation-2026-05-25,https://www.cdc.gov/ebola/situation-summary/index.html,77d396c0a888d13dc3a1cbf6cdd977d5049df73624bbec36a0877a170555a1c9,public-domain-us-gov,
timeline:ecdc-bdbv-drc-uga-2026-05-26-live:deaths_confirmed_drc,2026-05-25,deaths,10,count,ecdc-bdbv-drc-uga-2026-05-26-live,source_manifest:ecdc-bdbv-drc-uga-2026-05-26-live,https://www.ecdc.europa.eu/en/ebola-virus-disease-outbreak-democratic-republic-congo-and-uganda-19-may-2026,d455dcaca4e5239f23951ef82dec77211ff9de963cfd6e2c12ecf7c3d8378977,CC-BY-4.0,
timeline:ecdc-bdbv-drc-uga-2026-05-26-live:deaths_suspected_drc,2026-05-25,deaths,223,count,ecdc-bdbv-drc-uga-2026-05-26-live,source_manifest:ecdc-bdbv-drc-uga-2026-05-26-live,https://www.ecdc.europa.eu/en/ebola-virus-disease-outbreak-democratic-republic-congo-and-uganda-19-may-2026,d455dcaca4e5239f23951ef82dec77211ff9de963cfd6e2c12ecf7c3d8378977,CC-BY-4.0,
timeline:ecdc-bdbv-drc-uga-2026-05-26-live:deaths_uganda,2026-05-25,deaths,1,count,ecdc-bdbv-drc-uga-2026-05-26-live,source_manifest:ecdc-bdbv-drc-uga-2026-05-26-live,https://www.ecdc.europa.eu/en/ebola-virus-disease-outbreak-democratic-republic-congo-and-uganda-19-may-2026,d455dcaca4e5239f23951ef82dec77211ff9de963cfd6e2c12ecf7c3d8378977,CC-BY-4.0,
timeline:cdc-current-situation-2026-05-25:http_status,2026-05-25,http_status,200,count,cdc-current-situation-2026-05-25,source_manifest:cdc-current-situation-2026-05-25,https://www.cdc.gov/ebola/situation-summary/index.html,77d396c0a888d13dc3a1cbf6cdd977d5049df73624bbec36a0877a170555a1c9,public-domain-us-gov,
timeline:ecdc-bdbv-drc-uga-2026-05-26-live:http_status,2026-05-25,http_status,200,count,ecdc-bdbv-drc-uga-2026-05-26-live,source_manifest:ecdc-bdbv-drc-uga-2026-05-26-live,https://www.ecdc.europa.eu/en/ebola-virus-disease-outbreak-democratic-republic-congo-and-uganda-19-may-2026,d455dcaca4e5239f23951ef82dec77211ff9de963cfd6e2c12ecf7c3d8378977,CC-BY-4.0,
timeline:cdc-current-situation-2026-05-25:cases_suspected,2026-05-25,suspected_cases,906,count,cdc-current-situation-2026-05-25,source_manifest:cdc-current-situation-2026-05-25,https://www.cdc.gov/ebola/situation-summary/index.html,77d396c0a888d13dc3a1cbf6cdd977d5049df73624bbec36a0877a170555a1c9,public-domain-us-gov,
timeline:cdc-current-situation-2026-05-25:cases_suspected_drc,2026-05-25,suspected_cases,906,count,cdc-current-situation-2026-05-25,source_manifest:cdc-current-situation-2026-05-25,https://www.cdc.gov/ebola/situation-summary/index.html,77d396c0a888d13dc3a1cbf6cdd977d5049df73624bbec36a0877a170555a1c9,public-domain-us-gov,
timeline:ecdc-bdbv-drc-uga-2026-05-26-live:cases_suspected_drc,2026-05-25,suspected_cases,906,count,ecdc-bdbv-drc-uga-2026-05-26-live,source_manifest:ecdc-bdbv-drc-uga-2026-05-26-live,https://www.ecdc.europa.eu/en/ebola-virus-disease-outbreak-democratic-republic-congo-and-uganda-19-may-2026,d455dcaca4e5239f23951ef82dec77211ff9de963cfd6e2c12ecf7c3d8378977,CC-BY-4.0,
timeline:ecdc-bdbv-drc-uga-2026-05-26-live:suspected_cases_italy,2026-05-25,suspected_cases,2,count,ecdc-bdbv-drc-uga-2026-05-26-live,source_manifest:ecdc-bdbv-drc-uga-2026-05-26-live,https://www.ecdc.europa.eu/en/ebola-virus-disease-outbreak-democratic-republic-congo-and-uganda-19-may-2026,d455dcaca4e5239f23951ef82dec77211ff9de963cfd6e2c12ecf7c3d8378977,CC-BY-4.0,
